seed,run,num_vehicles,num_rsus,total_nodes,road_length_m,lane_count,lane_spacing_m,coverage_range_m,tx_power_dbm,packet_size_bytes,beacon_interval_ms,warmup_s,active_s,cleanup_s,phy_mode,prover_processing_delay_ms,verifier_processing_delay_ms,flow_count,tx_packets,rx_packets,lost_packets,delivery_ratio,packet_loss_ratio,offered_load_mbps,mean_network_delay_ms,mean_rba_end_to_end_delay_ms
12345,1,10,4,14,3000.000000,4,4.000000,300.000000,20.000000,105,100,1.000000,4.000000,5.000000,OfdmRate6MbpsBW10MHz,4.467000,5.956000,10,400,231,169,0.577500,0.422500,0.084000,38.156756,48.579756
12345,1,20,4,24,3000.000000,4,4.000000,300.000000,20.000000,105,100,1.000000,4.000000,5.000000,OfdmRate6MbpsBW10MHz,4.467000,5.956000,20,800,474,326,0.592500,0.407500,0.168000,6.124082,16.547082
12345,1,30,4,34,3000.000000,4,4.000000,300.000000,20.000000,105,100,1.000000,4.000000,5.000000,OfdmRate6MbpsBW10MHz,4.467000,5.956000,30,1200,709,491,0.590833,0.409167,0.252000,28.810993,39.233993
12345,1,40,4,44,3000.000000,4,4.000000,300.000000,20.000000,105,100,1.000000,4.000000,5.000000,OfdmRate6MbpsBW10MHz,4.467000,5.956000,40,1600,948,652,0.592500,0.407500,0.336000,15.736303,26.159303
12345,1,50,4,54,3000.000000,4,4.000000,300.000000,20.000000,105,100,1.000000,4.000000,5.000000,OfdmRate6MbpsBW10MHz,4.467000,5.956000,50,2000,1172,828,0.586000,0.414000,0.420000,22.250203,32.673203
12345,1,60,4,64,3000.000000,4,4.000000,300.000000,20.000000,105,100,1.000000,4.000000,5.000000,OfdmRate6MbpsBW10MHz,4.467000,5.956000,60,2400,1418,982,0.590833,0.409167,0.504000,12.331411,22.754411
12345,1,70,4,74,3000.000000,4,4.000000,300.000000,20.000000,105,100,1.000000,4.000000,5.000000,OfdmRate6MbpsBW10MHz,4.467000,5.956000,70,2800,1639,1161,0.585357,0.414643,0.588000,12.380407,22.803407
12345,1,80,4,84,3000.000000,4,4.000000,300.000000,20.000000,105,100,1.000000,4.000000,5.000000,OfdmRate6MbpsBW10MHz,4.467000,5.956000,80,3200,1874,1326,0.585625,0.414375,0.672000,15.839412,26.262412
12345,1,90,4,94,3000.000000,4,4.000000,300.000000,20.000000,105,100,1.000000,4.000000,5.000000,OfdmRate6MbpsBW10MHz,4.467000,5.956000,90,3600,2049,1551,0.569167,0.430833,0.756000,12.770834,23.193834
12345,1,100,4,104,3000.000000,4,4.000000,300.000000,20.000000,105,100,1.000000,4.000000,5.000000,OfdmRate6MbpsBW10MHz,4.467000,5.956000,100,4000,2345,1655,0.586250,0.413750,0.840000,13.475383,23.898383
12345,1,110,4,114,3000.000000,4,4.000000,300.000000,20.000000,105,100,1.000000,4.000000,5.000000,OfdmRate6MbpsBW10MHz,4.467000,5.956000,110,4400,2590,1810,0.588636,0.411364,0.924000,16.953373,27.376373
12345,1,120,4,124,3000.000000,4,4.000000,300.000000,20.000000,105,100,1.000000,4.000000,5.000000,OfdmRate6MbpsBW10MHz,4.467000,5.956000,120,4800,2795,2005,0.582292,0.417708,1.008000,16.479337,26.902337
12345,1,130,4,134,3000.000000,4,4.000000,300.000000,20.000000,105,100,1.000000,4.000000,5.000000,OfdmRate6MbpsBW10MHz,4.467000,5.956000,130,5200,3055,2145,0.587500,0.412500,1.092000,11.732035,22.155035
12345,1,140,4,144,3000.000000,4,4.000000,300.000000,20.000000,105,100,1.000000,4.000000,5.000000,OfdmRate6MbpsBW10MHz,4.467000,5.956000,140,5600,3235,2365,0.577679,0.422321,1.176000,17.954412,28.377412
12345,1,150,4,154,3000.000000,4,4.000000,300.000000,20.000000,105,100,1.000000,4.000000,5.000000,OfdmRate6MbpsBW10MHz,4.467000,5.956000,150,6000,3522,2478,0.587000,0.413000,1.260000,16.553668,26.976668
12345,1,160,4,164,3000.000000,4,4.000000,300.000000,20.000000,105,100,1.000000,4.000000,5.000000,OfdmRate6MbpsBW10MHz,4.467000,5.956000,160,6400,3711,2689,0.579844,0.420156,1.344000,20.210999,30.633999
12345,1,170,4,174,3000.000000,4,4.000000,300.000000,20.000000,105,100,1.000000,4.000000,5.000000,OfdmRate6MbpsBW10MHz,4.467000,5.956000,170,6800,3949,2851,0.580735,0.419265,1.428000,17.700183,28.123183
12345,1,180,4,184,3000.000000,4,4.000000,300.000000,20.000000,105,100,1.000000,4.000000,5.000000,OfdmRate6MbpsBW10MHz,4.467000,5.956000,180,7200,4237,2963,0.588472,0.411528,1.512000,18.561644,28.984644
12345,1,190,4,194,3000.000000,4,4.000000,300.000000,20.000000,105,100,1.000000,4.000000,5.000000,OfdmRate6MbpsBW10MHz,4.467000,5.956000,190,7600,4440,3160,0.584211,0.415789,1.596000,20.856813,31.279813
12345,1,200,4,204,3000.000000,4,4.000000,300.000000,20.000000,105,100,1.000000,4.000000,5.000000,OfdmRate6MbpsBW10MHz,4.467000,5.956000,200,8000,4605,3395,0.575625,0.424375,1.680000,20.890155,31.313155
12345,1,210,4,214,3000.000000,4,4.000000,300.000000,20.000000,105,100,1.000000,4.000000,5.000000,OfdmRate6MbpsBW10MHz,4.467000,5.956000,210,8400,4851,3549,0.577500,0.422500,1.764000,17.971267,28.394267
12345,1,220,4,224,3000.000000,4,4.000000,300.000000,20.000000,105,100,1.000000,4.000000,5.000000,OfdmRate6MbpsBW10MHz,4.467000,5.956000,220,8800,5011,3789,0.569432,0.430568,1.848000,18.341078,28.764078
12345,1,230,4,234,3000.000000,4,4.000000,300.000000,20.000000,105,100,1.000000,4.000000,5.000000,OfdmRate6MbpsBW10MHz,4.467000,5.956000,230,9200,5282,3918,0.574130,0.425870,1.932000,24.586042,35.009042
12345,1,240,4,244,3000.000000,4,4.000000,300.000000,20.000000,105,100,1.000000,4.000000,5.000000,OfdmRate6MbpsBW10MHz,4.467000,5.956000,240,9600,5496,4104,0.572500,0.427500,2.016000,23.628511,34.051511
12345,1,250,4,254,3000.000000,4,4.000000,300.000000,20.000000,105,100,1.000000,4.000000,5.000000,OfdmRate6MbpsBW10MHz,4.467000,5.956000,250,10000,5860,4140,0.586000,0.414000,2.100000,18.886948,29.309948
12345,1,260,4,264,3000.000000,4,4.000000,300.000000,20.000000,105,100,1.000000,4.000000,5.000000,OfdmRate6MbpsBW10MHz,4.467000,5.956000,260,10400,5957,4443,0.572788,0.427212,2.184000,23.181338,33.604338
12345,1,270,4,274,3000.000000,4,4.000000,300.000000,20.000000,105,100,1.000000,4.000000,5.000000,OfdmRate6MbpsBW10MHz,4.467000,5.956000,270,10800,6116,4684,0.566296,0.433704,2.268000,22.602763,33.025763
12345,1,280,4,284,3000.000000,4,4.000000,300.000000,20.000000,105,100,1.000000,4.000000,5.000000,OfdmRate6MbpsBW10MHz,4.467000,5.956000,280,11200,6370,4830,0.568750,0.431250,2.352000,24.512509,34.935509
12345,1,290,4,294,3000.000000,4,4.000000,300.000000,20.000000,105,100,1.000000,4.000000,5.000000,OfdmRate6MbpsBW10MHz,4.467000,5.956000,290,11600,6467,5133,0.557500,0.442500,2.436000,28.123488,38.546488
12345,1,300,4,304,3000.000000,4,4.000000,300.000000,20.000000,105,100,1.000000,4.000000,5.000000,OfdmRate6MbpsBW10MHz,4.467000,5.956000,300,12000,6904,5096,0.575333,0.424667,2.520000,16.676558,27.099558
12345,1,310,4,314,3000.000000,4,4.000000,300.000000,20.000000,105,100,1.000000,4.000000,5.000000,OfdmRate6MbpsBW10MHz,4.467000,5.956000,310,12400,7039,5361,0.567661,0.432339,2.604000,19.472027,29.895027
12345,1,320,4,324,3000.000000,4,4.000000,300.000000,20.000000,105,100,1.000000,4.000000,5.000000,OfdmRate6MbpsBW10MHz,4.467000,5.956000,320,12800,7298,5502,0.570156,0.429844,2.688000,24.095962,34.518962
12345,1,330,4,334,3000.000000,4,4.000000,300.000000,20.000000,105,100,1.000000,4.000000,5.000000,OfdmRate6MbpsBW10MHz,4.467000,5.956000,330,13200,7400,5800,0.560606,0.439394,2.772000,25.289528,35.712528
12345,1,340,4,344,3000.000000,4,4.000000,300.000000,20.000000,105,100,1.000000,4.000000,5.000000,OfdmRate6MbpsBW10MHz,4.467000,5.956000,340,13600,7463,6137,0.548750,0.451250,2.856000,31.480643,41.903643
12345,1,350,4,354,3000.000000,4,4.000000,300.000000,20.000000,105,100,1.000000,4.000000,5.000000,OfdmRate6MbpsBW10MHz,4.467000,5.956000,350,14000,7573,6427,0.540929,0.459071,2.940000,29.725118,40.148118
12345,1,360,4,364,3000.000000,4,4.000000,300.000000,20.000000,105,100,1.000000,4.000000,5.000000,OfdmRate6MbpsBW10MHz,4.467000,5.956000,360,14400,7762,6638,0.539028,0.460972,3.024000,32.476667,42.899667
12345,1,370,4,374,3000.000000,4,4.000000,300.000000,20.000000,105,100,1.000000,4.000000,5.000000,OfdmRate6MbpsBW10MHz,4.467000,5.956000,370,14800,8128,6672,0.549189,0.450811,3.108000,31.434180,41.857180
12345,1,380,4,384,3000.000000,4,4.000000,300.000000,20.000000,105,100,1.000000,4.000000,5.000000,OfdmRate6MbpsBW10MHz,4.467000,5.956000,380,15200,8341,6859,0.548750,0.451250,3.192000,30.362955,40.785955
12345,1,390,4,394,3000.000000,4,4.000000,300.000000,20.000000,105,100,1.000000,4.000000,5.000000,OfdmRate6MbpsBW10MHz,4.467000,5.956000,390,15600,8434,7166,0.540641,0.459359,3.276000,26.372754,36.795754
12345,1,400,4,404,3000.000000,4,4.000000,300.000000,20.000000,105,100,1.000000,4.000000,5.000000,OfdmRate6MbpsBW10MHz,4.467000,5.956000,400,16000,8758,7242,0.547375,0.452625,3.360000,26.125592,36.548592
12345,1,410,4,414,3000.000000,4,4.000000,300.000000,20.000000,105,100,1.000000,4.000000,5.000000,OfdmRate6MbpsBW10MHz,4.467000,5.956000,410,16400,8907,7493,0.543110,0.456890,3.444000,30.158338,40.581338
12345,1,420,4,424,3000.000000,4,4.000000,300.000000,20.000000,105,100,1.000000,4.000000,5.000000,OfdmRate6MbpsBW10MHz,4.467000,5.956000,420,16800,9062,7738,0.539405,0.460595,3.528000,30.710597,41.133597
12345,1,430,4,434,3000.000000,4,4.000000,300.000000,20.000000,105,100,1.000000,4.000000,5.000000,OfdmRate6MbpsBW10MHz,4.467000,5.956000,430,17200,9273,7927,0.539128,0.460872,3.612000,28.008117,38.431117
12345,1,440,4,444,3000.000000,4,4.000000,300.000000,20.000000,105,100,1.000000,4.000000,5.000000,OfdmRate6MbpsBW10MHz,4.467000,5.956000,440,17600,9410,8190,0.534659,0.465341,3.696000,27.872796,38.295796
12345,1,450,4,454,3000.000000,4,4.000000,300.000000,20.000000,105,100,1.000000,4.000000,5.000000,OfdmRate6MbpsBW10MHz,4.467000,5.956000,450,18000,9827,8173,0.545944,0.454056,3.780000,30.118668,40.541668
12345,1,460,4,464,3000.000000,4,4.000000,300.000000,20.000000,105,100,1.000000,4.000000,5.000000,OfdmRate6MbpsBW10MHz,4.467000,5.956000,460,18400,10007,8393,0.543859,0.456141,3.864000,34.088224,44.511224
12345,1,470,4,474,3000.000000,4,4.000000,300.000000,20.000000,105,100,1.000000,4.000000,5.000000,OfdmRate6MbpsBW10MHz,4.467000,5.956000,470,18800,9995,8805,0.531649,0.468351,3.948000,35.219999,45.642999
12345,1,480,4,484,3000.000000,4,4.000000,300.000000,20.000000,105,100,1.000000,4.000000,5.000000,OfdmRate6MbpsBW10MHz,4.467000,5.956000,480,19200,9937,9263,0.517552,0.482448,4.032000,37.703840,48.126840
12345,1,490,4,494,3000.000000,4,4.000000,300.000000,20.000000,105,100,1.000000,4.000000,5.000000,OfdmRate6MbpsBW10MHz,4.467000,5.956000,490,19600,10162,9438,0.518469,0.481531,4.116000,33.676042,44.099042
12345,1,500,4,504,3000.000000,4,4.000000,300.000000,20.000000,105,100,1.000000,4.000000,5.000000,OfdmRate6MbpsBW10MHz,4.467000,5.956000,500,20000,10260,9740,0.513000,0.487000,4.200000,36.847622,47.270622
12345,1,510,4,514,3000.000000,4,4.000000,300.000000,20.000000,105,100,1.000000,4.000000,5.000000,OfdmRate6MbpsBW10MHz,4.467000,5.956000,510,20400,10290,10110,0.504412,0.495588,4.284000,36.994185,47.417185
12345,1,520,4,524,3000.000000,4,4.000000,300.000000,20.000000,105,100,1.000000,4.000000,5.000000,OfdmRate6MbpsBW10MHz,4.467000,5.956000,520,20800,10466,10334,0.503173,0.496827,4.368000,33.045060,43.468060
12345,1,530,4,534,3000.000000,4,4.000000,300.000000,20.000000,105,100,1.000000,4.000000,5.000000,OfdmRate6MbpsBW10MHz,4.467000,5.956000,530,21200,10649,10551,0.502311,0.497689,4.452000,32.396625,42.819625
12345,1,540,4,544,3000.000000,4,4.000000,300.000000,20.000000,105,100,1.000000,4.000000,5.000000,OfdmRate6MbpsBW10MHz,4.467000,5.956000,540,21600,10778,10822,0.498981,0.501019,4.536000,31.457457,41.880457
12345,1,550,4,554,3000.000000,4,4.000000,300.000000,20.000000,105,100,1.000000,4.000000,5.000000,OfdmRate6MbpsBW10MHz,4.467000,5.956000,550,22000,10876,11124,0.494364,0.505636,4.620000,27.427410,37.850410
12345,1,560,4,564,3000.000000,4,4.000000,300.000000,20.000000,105,100,1.000000,4.000000,5.000000,OfdmRate6MbpsBW10MHz,4.467000,5.956000,560,22400,10660,11740,0.475893,0.524107,4.704000,39.000610,49.423610
12345,1,570,4,574,3000.000000,4,4.000000,300.000000,20.000000,105,100,1.000000,4.000000,5.000000,OfdmRate6MbpsBW10MHz,4.467000,5.956000,570,22800,10972,11828,0.481228,0.518772,4.788000,36.600097,47.023097
12345,1,580,4,584,3000.000000,4,4.000000,300.000000,20.000000,105,100,1.000000,4.000000,5.000000,OfdmRate6MbpsBW10MHz,4.467000,5.956000,580,23200,11026,12174,0.475259,0.524741,4.872000,36.847533,47.270533
12345,1,590,4,594,3000.000000,4,4.000000,300.000000,20.000000,105,100,1.000000,4.000000,5.000000,OfdmRate6MbpsBW10MHz,4.467000,5.956000,590,23600,11344,12256,0.480678,0.519322,4.956000,32.376039,42.799039
12345,1,600,4,604,3000.000000,4,4.000000,300.000000,20.000000,105,100,1.000000,4.000000,5.000000,OfdmRate6MbpsBW10MHz,4.467000,5.956000,600,24000,11172,12828,0.465500,0.534500,5.040000,35.843105,46.266105
12345,1,610,4,614,3000.000000,4,4.000000,300.000000,20.000000,105,100,1.000000,4.000000,5.000000,OfdmRate6MbpsBW10MHz,4.467000,5.956000,610,24400,10746,13654,0.440410,0.559590,5.124000,48.681257,59.104257
12345,1,620,4,624,3000.000000,4,4.000000,300.000000,20.000000,105,100,1.000000,4.000000,5.000000,OfdmRate6MbpsBW10MHz,4.467000,5.956000,620,24800,11608,13192,0.468065,0.531935,5.208000,37.520300,47.943300
12345,1,630,4,634,3000.000000,4,4.000000,300.000000,20.000000,105,100,1.000000,4.000000,5.000000,OfdmRate6MbpsBW10MHz,4.467000,5.956000,630,25200,11974,13226,0.475159,0.524841,5.292000,35.492664,45.915664
12345,1,640,4,644,3000.000000,4,4.000000,300.000000,20.000000,105,100,1.000000,4.000000,5.000000,OfdmRate6MbpsBW10MHz,4.467000,5.956000,640,25600,11559,14041,0.451523,0.548477,5.376000,40.148254,50.571254
12345,1,650,4,654,3000.000000,4,4.000000,300.000000,20.000000,105,100,1.000000,4.000000,5.000000,OfdmRate6MbpsBW10MHz,4.467000,5.956000,650,26000,11735,14265,0.451346,0.548654,5.460000,38.313862,48.736862
12345,1,660,4,664,3000.000000,4,4.000000,300.000000,20.000000,105,100,1.000000,4.000000,5.000000,OfdmRate6MbpsBW10MHz,4.467000,5.956000,660,26400,11804,14596,0.447121,0.552879,5.544000,38.061515,48.484515
12345,1,670,4,674,3000.000000,4,4.000000,300.000000,20.000000,105,100,1.000000,4.000000,5.000000,OfdmRate6MbpsBW10MHz,4.467000,5.956000,670,26800,11668,15132,0.435373,0.564627,5.628000,41.487959,51.910959
12345,1,680,4,684,3000.000000,4,4.000000,300.000000,20.000000,105,100,1.000000,4.000000,5.000000,OfdmRate6MbpsBW10MHz,4.467000,5.956000,680,27200,12181,15019,0.447831,0.552169,5.712000,41.211383,51.634383
12345,1,690,4,694,3000.000000,4,4.000000,300.000000,20.000000,105,100,1.000000,4.000000,5.000000,OfdmRate6MbpsBW10MHz,4.467000,5.956000,690,27600,12022,15578,0.435580,0.564420,5.796000,43.991247,54.414247
12345,1,700,4,704,3000.000000,4,4.000000,300.000000,20.000000,105,100,1.000000,4.000000,5.000000,OfdmRate6MbpsBW10MHz,4.467000,5.956000,700,28000,11281,16719,0.402893,0.597107,5.880000,53.655518,64.078518
12345,1,710,4,714,3000.000000,4,4.000000,300.000000,20.000000,105,100,1.000000,4.000000,5.000000,OfdmRate6MbpsBW10MHz,4.467000,5.956000,710,28400,11893,16507,0.418768,0.581232,5.964000,53.339514,63.762514
12345,1,720,4,724,3000.000000,4,4.000000,300.000000,20.000000,105,100,1.000000,4.000000,5.000000,OfdmRate6MbpsBW10MHz,4.467000,5.956000,720,28800,11355,17445,0.394271,0.605729,6.048000,59.249445,69.672445
12345,1,730,4,734,3000.000000,4,4.000000,300.000000,20.000000,105,100,1.000000,4.000000,5.000000,OfdmRate6MbpsBW10MHz,4.467000,5.956000,730,29200,12248,16952,0.419452,0.580548,6.132000,50.151875,60.574875
12345,1,740,4,744,3000.000000,4,4.000000,300.000000,20.000000,105,100,1.000000,4.000000,5.000000,OfdmRate6MbpsBW10MHz,4.467000,5.956000,740,29600,11904,17696,0.402162,0.597838,6.216000,54.770467,65.193467
12345,1,750,4,754,3000.000000,4,4.000000,300.000000,20.000000,105,100,1.000000,4.000000,5.000000,OfdmRate6MbpsBW10MHz,4.467000,5.956000,750,30000,12007,17993,0.400233,0.599767,6.300000,51.583619,62.006619
12345,1,760,4,764,3000.000000,4,4.000000,300.000000,20.000000,105,100,1.000000,4.000000,5.000000,OfdmRate6MbpsBW10MHz,4.467000,5.956000,760,30400,12864,17536,0.423158,0.576842,6.384000,48.745788,59.168788
12345,1,770,4,774,3000.000000,4,4.000000,300.000000,20.000000,105,100,1.000000,4.000000,5.000000,OfdmRate6MbpsBW10MHz,4.467000,5.956000,770,30800,12316,18484,0.399870,0.600130,6.468000,51.838672,62.261672
12345,1,780,4,784,3000.000000,4,4.000000,300.000000,20.000000,105,100,1.000000,4.000000,5.000000,OfdmRate6MbpsBW10MHz,4.467000,5.956000,780,31200,12270,18930,0.393269,0.606731,6.552000,54.641642,65.064642
12345,1,790,4,794,3000.000000,4,4.000000,300.000000,20.000000,105,100,1.000000,4.000000,5.000000,OfdmRate6MbpsBW10MHz,4.467000,5.956000,790,31600,12690,18910,0.401582,0.598418,6.636000,50.755123,61.178123
12345,1,800,4,804,3000.000000,4,4.000000,300.000000,20.000000,105,100,1.000000,4.000000,5.000000,OfdmRate6MbpsBW10MHz,4.467000,5.956000,800,32000,12586,19414,0.393313,0.606688,6.720000,62.175850,72.598850
12345,1,810,4,814,3000.000000,4,4.000000,300.000000,20.000000,105,100,1.000000,4.000000,5.000000,OfdmRate6MbpsBW10MHz,4.467000,5.956000,810,32400,12934,19466,0.399198,0.600802,6.804000,52.728483,63.151483
12345,1,820,4,824,3000.000000,4,4.000000,300.000000,20.000000,105,100,1.000000,4.000000,5.000000,OfdmRate6MbpsBW10MHz,4.467000,5.956000,820,32800,12588,20212,0.383780,0.616220,6.888000,62.486670,72.909670
12345,1,830,4,834,3000.000000,4,4.000000,300.000000,20.000000,105,100,1.000000,4.000000,5.000000,OfdmRate6MbpsBW10MHz,4.467000,5.956000,830,33200,12904,20296,0.388675,0.611325,6.972000,57.168256,67.591256
12345,1,840,4,844,3000.000000,4,4.000000,300.000000,20.000000,105,100,1.000000,4.000000,5.000000,OfdmRate6MbpsBW10MHz,4.467000,5.956000,840,33600,12287,21313,0.365685,0.634315,7.056000,72.080123,82.503123
12345,1,850,4,854,3000.000000,4,4.000000,300.000000,20.000000,105,100,1.000000,4.000000,5.000000,OfdmRate6MbpsBW10MHz,4.467000,5.956000,850,34000,12801,21199,0.376500,0.623500,7.140000,69.672683,80.095683
12345,1,860,4,864,3000.000000,4,4.000000,300.000000,20.000000,105,100,1.000000,4.000000,5.000000,OfdmRate6MbpsBW10MHz,4.467000,5.956000,860,34400,12838,21562,0.373198,0.626802,7.224000,72.472107,82.895107
12345,1,870,4,874,3000.000000,4,4.000000,300.000000,20.000000,105,100,1.000000,4.000000,5.000000,OfdmRate6MbpsBW10MHz,4.467000,5.956000,870,34800,13291,21509,0.381925,0.618075,7.308000,55.703793,66.126793
12345,1,880,4,884,3000.000000,4,4.000000,300.000000,20.000000,105,100,1.000000,4.000000,5.000000,OfdmRate6MbpsBW10MHz,4.467000,5.956000,880,35200,12458,22742,0.353920,0.646080,7.392000,78.083068,88.506068
12345,1,890,4,894,3000.000000,4,4.000000,300.000000,20.000000,105,100,1.000000,4.000000,5.000000,OfdmRate6MbpsBW10MHz,4.467000,5.956000,890,35600,12732,22868,0.357640,0.642360,7.476000,76.155599,86.578599
12345,2,10,4,14,3000.000000,4,4.000000,300.000000,20.000000,105,100,1.000000,4.000000,5.000000,OfdmRate6MbpsBW10MHz,4.467000,5.956000,10,400,237,163,0.592500,0.407500,0.084000,24.540038,34.963038
12345,2,20,4,24,3000.000000,4,4.000000,300.000000,20.000000,105,100,1.000000,4.000000,5.000000,OfdmRate6MbpsBW10MHz,4.467000,5.956000,20,800,460,340,0.575000,0.425000,0.168000,6.345399,16.768399
12345,2,30,4,34,3000.000000,4,4.000000,300.000000,20.000000,105,100,1.000000,4.000000,5.000000,OfdmRate6MbpsBW10MHz,4.467000,5.956000,30,1200,706,494,0.588333,0.411667,0.252000,33.207158,43.630158
12345,2,40,4,44,3000.000000,4,4.000000,300.000000,20.000000,105,100,1.000000,4.000000,5.000000,OfdmRate6MbpsBW10MHz,4.467000,5.956000,40,1600,973,627,0.608125,0.391875,0.336000,9.289439,19.712439
12345,2,50,4,54,3000.000000,4,4.000000,300.000000,20.000000,105,100,1.000000,4.000000,5.000000,OfdmRate6MbpsBW10MHz,4.467000,5.956000,50,2000,1154,846,0.577000,0.423000,0.420000,17.858134,28.281134
12345,2,60,4,64,3000.000000,4,4.000000,300.000000,20.000000,105,100,1.000000,4.000000,5.000000,OfdmRate6MbpsBW10MHz,4.467000,5.956000,60,2400,1365,1035,0.568750,0.431250,0.504000,8.411902,18.834902
12345,2,70,4,74,3000.000000,4,4.000000,300.000000,20.000000,105,100,1.000000,4.000000,5.000000,OfdmRate6MbpsBW10MHz,4.467000,5.956000,70,2800,1645,1155,0.587500,0.412500,0.588000,10.705428,21.128428
12345,2,80,4,84,3000.000000,4,4.000000,300.000000,20.000000,105,100,1.000000,4.000000,5.000000,OfdmRate6MbpsBW10MHz,4.467000,5.956000,80,3200,1896,1304,0.592500,0.407500,0.672000,16.971204,27.394204
12345,2,90,4,94,3000.000000,4,4.000000,300.000000,20.000000,105,100,1.000000,4.000000,5.000000,OfdmRate6MbpsBW10MHz,4.467000,5.956000,90,3600,2146,1454,0.596111,0.403889,0.756000,10.978168,21.401168
12345,2,100,4,104,3000.000000,4,4.000000,300.000000,20.000000,105,100,1.000000,4.000000,5.000000,OfdmRate6MbpsBW10MHz,4.467000,5.956000,100,4000,2336,1664,0.584000,0.416000,0.840000,10.140800,20.563800
12345,2,110,4,114,3000.000000,4,4.000000,300.000000,20.000000,105,100,1.000000,4.000000,5.000000,OfdmRate6MbpsBW10MHz,4.467000,5.956000,110,4400,2505,1895,0.569318,0.430682,0.924000,17.509838,27.932838
12345,2,120,4,124,3000.000000,4,4.000000,300.000000,20.000000,105,100,1.000000,4.000000,5.000000,OfdmRate6MbpsBW10MHz,4.467000,5.956000,120,4800,2787,2013,0.580625,0.419375,1.008000,16.982713,27.405713
12345,2,130,4,134,3000.000000,4,4.000000,300.000000,20.000000,105,100,1.000000,4.000000,5.000000,OfdmRate6MbpsBW10MHz,4.467000,5.956000,130,5200,3011,2189,0.579038,0.420962,1.092000,17.161634,27.584634
12345,2,140,4,144,3000.000000,4,4.000000,300.000000,20.000000,105,100,1.000000,4.000000,5.000000,OfdmRate6MbpsBW10MHz,4.467000,5.956000,140,5600,3263,2337,0.582679,0.417321,1.176000,15.407423,25.830423
12345,2,150,4,154,3000.000000,4,4.000000,300.000000,20.000000,105,100,1.000000,4.000000,5.000000,OfdmRate6MbpsBW10MHz,4.467000,5.956000,150,6000,3554,2446,0.592333,0.407667,1.260000,19.653475,30.076475
12345,2,160,4,164,3000.000000,4,4.000000,300.000000,20.000000,105,100,1.000000,4.000000,5.000000,OfdmRate6MbpsBW10MHz,4.467000,5.956000,160,6400,3646,2754,0.569688,0.430312,1.344000,17.472077,27.895077
12345,2,170,4,174,3000.000000,4,4.000000,300.000000,20.000000,105,100,1.000000,4.000000,5.000000,OfdmRate6MbpsBW10MHz,4.467000,5.956000,170,6800,3979,2821,0.585147,0.414853,1.428000,21.278577,31.701577
12345,2,180,4,184,3000.000000,4,4.000000,300.000000,20.000000,105,100,1.000000,4.000000,5.000000,OfdmRate6MbpsBW10MHz,4.467000,5.956000,180,7200,4187,3013,0.581528,0.418472,1.512000,18.774478,29.197478
12345,2,190,4,194,3000.000000,4,4.000000,300.000000,20.000000,105,100,1.000000,4.000000,5.000000,OfdmRate6MbpsBW10MHz,4.467000,5.956000,190,7600,4389,3211,0.577500,0.422500,1.596000,16.038414,26.461414
12345,2,200,4,204,3000.000000,4,4.000000,300.000000,20.000000,105,100,1.000000,4.000000,5.000000,OfdmRate6MbpsBW10MHz,4.467000,5.956000,200,8000,4594,3406,0.574250,0.425750,1.680000,15.239484,25.662484
12345,2,210,4,214,3000.000000,4,4.000000,300.000000,20.000000,105,100,1.000000,4.000000,5.000000,OfdmRate6MbpsBW10MHz,4.467000,5.956000,210,8400,4795,3605,0.570833,0.429167,1.764000,18.130457,28.553457
12345,2,220,4,224,3000.000000,4,4.000000,300.000000,20.000000,105,100,1.000000,4.000000,5.000000,OfdmRate6MbpsBW10MHz,4.467000,5.956000,220,8800,5065,3735,0.575568,0.424432,1.848000,19.512922,29.935922
12345,2,230,4,234,3000.000000,4,4.000000,300.000000,20.000000,105,100,1.000000,4.000000,5.000000,OfdmRate6MbpsBW10MHz,4.467000,5.956000,230,9200,5319,3881,0.578152,0.421848,1.932000,19.790873,30.213873
12345,2,240,4,244,3000.000000,4,4.000000,300.000000,20.000000,105,100,1.000000,4.000000,5.000000,OfdmRate6MbpsBW10MHz,4.467000,5.956000,240,9600,5475,4125,0.570312,0.429688,2.016000,16.710954,27.133954
12345,2,250,4,254,3000.000000,4,4.000000,300.000000,20.000000,105,100,1.000000,4.000000,5.000000,OfdmRate6MbpsBW10MHz,4.467000,5.956000,250,10000,5780,4220,0.578000,0.422000,2.100000,18.538982,28.961982
12345,2,260,4,264,3000.000000,4,4.000000,300.000000,20.000000,105,100,1.000000,4.000000,5.000000,OfdmRate6MbpsBW10MHz,4.467000,5.956000,260,10400,5954,4446,0.572500,0.427500,2.184000,19.428363,29.851363
12345,2,270,4,274,3000.000000,4,4.000000,300.000000,20.000000,105,100,1.000000,4.000000,5.000000,OfdmRate6MbpsBW10MHz,4.467000,5.956000,270,10800,6119,4681,0.566574,0.433426,2.268000,19.855067,30.278067
12345,2,280,4,284,3000.000000,4,4.000000,300.000000,20.000000,105,100,1.000000,4.000000,5.000000,OfdmRate6MbpsBW10MHz,4.467000,5.956000,280,11200,6463,4737,0.577054,0.422946,2.352000,20.232512,30.655512
12345,2,290,4,294,3000.000000,4,4.000000,300.000000,20.000000,105,100,1.000000,4.000000,5.000000,OfdmRate6MbpsBW10MHz,4.467000,5.956000,290,11600,6575,5025,0.566810,0.433190,2.436000,23.632525,34.055525
12345,2,300,4,304,3000.000000,4,4.000000,300.000000,20.000000,105,100,1.000000,4.000000,5.000000,OfdmRate6MbpsBW10MHz,4.467000,5.956000,300,12000,6757,5243,0.563083,0.436917,2.520000,25.950083,36.373083
12345,2,310,4,314,3000.000000,4,4.000000,300.000000,20.000000,105,100,1.000000,4.000000,5.000000,OfdmRate6MbpsBW10MHz,4.467000,5.956000,310,12400,6905,5495,0.556855,0.443145,2.604000,27.468398,37.891398
12345,2,320,4,324,3000.000000,4,4.000000,300.000000,20.000000,105,100,1.000000,4.000000,5.000000,OfdmRate6MbpsBW10MHz,4.467000,5.956000,320,12800,7205,5595,0.562891,0.437109,2.688000,23.297441,33.720441
12345,2,330,4,334,3000.000000,4,4.000000,300.000000,20.000000,105,100,1.000000,4.000000,5.000000,OfdmRate6MbpsBW10MHz,4.467000,5.956000,330,13200,7534,5666,0.570758,0.429242,2.772000,21.547944,31.970944
12345,2,340,4,344,3000.000000,4,4.000000,300.000000,20.000000,105,100,1.000000,4.000000,5.000000,OfdmRate6MbpsBW10MHz,4.467000,5.956000,340,13600,7708,5892,0.566765,0.433235,2.856000,25.655049,36.078049
12345,2,350,4,354,3000.000000,4,4.000000,300.000000,20.000000,105,100,1.000000,4.000000,5.000000,OfdmRate6MbpsBW10MHz,4.467000,5.956000,350,14000,7878,6122,0.562714,0.437286,2.940000,25.874048,36.297048
12345,2,360,4,364,3000.000000,4,4.000000,300.000000,20.000000,105,100,1.000000,4.000000,5.000000,OfdmRate6MbpsBW10MHz,4.467000,5.956000,360,14400,7990,6410,0.554861,0.445139,3.024000,26.389741,36.812741
12345,2,370,4,374,3000.000000,4,4.000000,300.000000,20.000000,105,100,1.000000,4.000000,5.000000,OfdmRate6MbpsBW10MHz,4.467000,5.956000,370,14800,8137,6663,0.549797,0.450203,3.108000,31.759196,42.182196
12345,2,380,4,384,3000.000000,4,4.000000,300.000000,20.000000,105,100,1.000000,4.000000,5.000000,OfdmRate6MbpsBW10MHz,4.467000,5.956000,380,15200,8357,6843,0.549803,0.450197,3.192000,32.298437,42.721437
12345,2,390,4,394,3000.000000,4,4.000000,300.000000,20.000000,105,100,1.000000,4.000000,5.000000,OfdmRate6MbpsBW10MHz,4.467000,5.956000,390,15600,8615,6985,0.552244,0.447756,3.276000,30.977199,41.400199
12345,2,400,4,404,3000.000000,4,4.000000,300.000000,20.000000,105,100,1.000000,4.000000,5.000000,OfdmRate6MbpsBW10MHz,4.467000,5.956000,400,16000,8772,7228,0.548250,0.451750,3.360000,29.112954,39.535954
12345,2,410,4,414,3000.000000,4,4.000000,300.000000,20.000000,105,100,1.000000,4.000000,5.000000,OfdmRate6MbpsBW10MHz,4.467000,5.956000,410,16400,9015,7385,0.549695,0.450305,3.444000,26.456187,36.879187
12345,2,420,4,424,3000.000000,4,4.000000,300.000000,20.000000,105,100,1.000000,4.000000,5.000000,OfdmRate6MbpsBW10MHz,4.467000,5.956000,420,16800,9019,7781,0.536845,0.463155,3.528000,34.651033,45.074033
12345,2,430,4,434,3000.000000,4,4.000000,300.000000,20.000000,105,100,1.000000,4.000000,5.000000,OfdmRate6MbpsBW10MHz,4.467000,5.956000,430,17200,9256,7944,0.538140,0.461860,3.612000,31.527820,41.950820
12345,2,440,4,444,3000.000000,4,4.000000,300.000000,20.000000,105,100,1.000000,4.000000,5.000000,OfdmRate6MbpsBW10MHz,4.467000,5.956000,440,17600,9503,8097,0.539943,0.460057,3.696000,30.929991,41.352991
12345,2,450,4,454,3000.000000,4,4.000000,300.000000,20.000000,105,100,1.000000,4.000000,5.000000,OfdmRate6MbpsBW10MHz,4.467000,5.956000,450,18000,9606,8394,0.533667,0.466333,3.780000,34.964313,45.387313
12345,2,460,4,464,3000.000000,4,4.000000,300.000000,20.000000,105,100,1.000000,4.000000,5.000000,OfdmRate6MbpsBW10MHz,4.467000,5.956000,460,18400,9925,8475,0.539402,0.460598,3.864000,32.938180,43.361180
12345,2,470,4,474,3000.000000,4,4.000000,300.000000,20.000000,105,100,1.000000,4.000000,5.000000,OfdmRate6MbpsBW10MHz,4.467000,5.956000,470,18800,9977,8823,0.530691,0.469309,3.948000,33.983018,44.406018
12345,2,480,4,484,3000.000000,4,4.000000,300.000000,20.000000,105,100,1.000000,4.000000,5.000000,OfdmRate6MbpsBW10MHz,4.467000,5.956000,480,19200,10122,9078,0.527188,0.472813,4.032000,33.277769,43.700769
12345,2,490,4,494,3000.000000,4,4.000000,300.000000,20.000000,105,100,1.000000,4.000000,5.000000,OfdmRate6MbpsBW10MHz,4.467000,5.956000,490,19600,10193,9407,0.520051,0.479949,4.116000,34.204421,44.627421
12345,2,500,4,504,3000.000000,4,4.000000,300.000000,20.000000,105,100,1.000000,4.000000,5.000000,OfdmRate6MbpsBW10MHz,4.467000,5.956000,500,20000,10398,9602,0.519900,0.480100,4.200000,36.168195,46.591195
12345,2,510,4,514,3000.000000,4,4.000000,300.000000,20.000000,105,100,1.000000,4.000000,5.000000,OfdmRate6MbpsBW10MHz,4.467000,5.956000,510,20400,10631,9769,0.521127,0.478873,4.284000,37.950707,48.373707
12345,2,520,4,524,3000.000000,4,4.000000,300.000000,20.000000,105,100,1.000000,4.000000,5.000000,OfdmRate6MbpsBW10MHz,4.467000,5.956000,520,20800,10398,10402,0.499904,0.500096,4.368000,40.140559,50.563559
12345,2,530,4,534,3000.000000,4,4.000000,300.000000,20.000000,105,100,1.000000,4.000000,5.000000,OfdmRate6MbpsBW10MHz,4.467000,5.956000,530,21200,10845,10355,0.511557,0.488443,4.452000,33.514207,43.937207
12345,2,540,4,544,3000.000000,4,4.000000,300.000000,20.000000,105,100,1.000000,4.000000,5.000000,OfdmRate6MbpsBW10MHz,4.467000,5.956000,540,21600,10875,10725,0.503472,0.496528,4.536000,38.811074,49.234074
12345,2,550,4,554,3000.000000,4,4.000000,300.000000,20.000000,105,100,1.000000,4.000000,5.000000,OfdmRate6MbpsBW10MHz,4.467000,5.956000,550,22000,10780,11220,0.490000,0.510000,4.620000,38.667223,49.090223
12345,2,560,4,564,3000.000000,4,4.000000,300.000000,20.000000,105,100,1.000000,4.000000,5.000000,OfdmRate6MbpsBW10MHz,4.467000,5.956000,560,22400,11058,11342,0.493661,0.506339,4.704000,36.586154,47.009154
12345,2,570,4,574,3000.000000,4,4.000000,300.000000,20.000000,105,100,1.000000,4.000000,5.000000,OfdmRate6MbpsBW10MHz,4.467000,5.956000,570,22800,11099,11701,0.486798,0.513202,4.788000,35.029119,45.452119
12345,2,580,4,584,3000.000000,4,4.000000,300.000000,20.000000,105,100,1.000000,4.000000,5.000000,OfdmRate6MbpsBW10MHz,4.467000,5.956000,580,23200,11040,12160,0.475862,0.524138,4.872000,38.837096,49.260096
12345,2,590,4,594,3000.000000,4,4.000000,300.000000,20.000000,105,100,1.000000,4.000000,5.000000,OfdmRate6MbpsBW10MHz,4.467000,5.956000,590,23600,11224,12376,0.475593,0.524407,4.956000,35.468947,45.891947
12345,2,600,4,604,3000.000000,4,4.000000,300.000000,20.000000,105,100,1.000000,4.000000,5.000000,OfdmRate6MbpsBW10MHz,4.467000,5.956000,600,24000,11140,12860,0.464167,0.535833,5.040000,44.441267,54.864267
12345,2,610,4,614,3000.000000,4,4.000000,300.000000,20.000000,105,100,1.000000,4.000000,5.000000,OfdmRate6MbpsBW10MHz,4.467000,5.956000,610,24400,11157,13243,0.457254,0.542746,5.124000,42.318097,52.741097
12345,2,620,4,624,3000.000000,4,4.000000,300.000000,20.000000,105,100,1.000000,4.000000,5.000000,OfdmRate6MbpsBW10MHz,4.467000,5.956000,620,24800,11461,13339,0.462137,0.537863,5.208000,42.071786,52.494786
12345,2,630,4,634,3000.000000,4,4.000000,300.000000,20.000000,105,100,1.000000,4.000000,5.000000,OfdmRate6MbpsBW10MHz,4.467000,5.956000,630,25200,11400,13800,0.452381,0.547619,5.292000,46.935373,57.358373
12345,2,640,4,644,3000.000000,4,4.000000,300.000000,20.000000,105,100,1.000000,4.000000,5.000000,OfdmRate6MbpsBW10MHz,4.467000,5.956000,640,25600,11166,14434,0.436172,0.563828,5.376000,49.302564,59.725564
12345,2,650,4,654,3000.000000,4,4.000000,300.000000,20.000000,105,100,1.000000,4.000000,5.000000,OfdmRate6MbpsBW10MHz,4.467000,5.956000,650,26000,11834,14166,0.455154,0.544846,5.460000,38.453810,48.876810
12345,2,660,4,664,3000.000000,4,4.000000,300.000000,20.000000,105,100,1.000000,4.000000,5.000000,OfdmRate6MbpsBW10MHz,4.467000,5.956000,660,26400,11848,14552,0.448788,0.551212,5.544000,46.284510,56.707510
12345,2,670,4,674,3000.000000,4,4.000000,300.000000,20.000000,105,100,1.000000,4.000000,5.000000,OfdmRate6MbpsBW10MHz,4.467000,5.956000,670,26800,11494,15306,0.428881,0.571119,5.628000,45.345348,55.768348
12345,2,680,4,684,3000.000000,4,4.000000,300.000000,20.000000,105,100,1.000000,4.000000,5.000000,OfdmRate6MbpsBW10MHz,4.467000,5.956000,680,27200,11902,15298,0.437574,0.562426,5.712000,37.367182,47.790182
12345,2,690,4,694,3000.000000,4,4.000000,300.000000,20.000000,105,100,1.000000,4.000000,5.000000,OfdmRate6MbpsBW10MHz,4.467000,5.956000,690,27600,11488,16112,0.416232,0.583768,5.796000,49.199145,59.622145
12345,2,700,4,704,3000.000000,4,4.000000,300.000000,20.000000,105,100,1.000000,4.000000,5.000000,OfdmRate6MbpsBW10MHz,4.467000,5.956000,700,28000,12080,15920,0.431429,0.568571,5.880000,50.744960,61.167960
12345,2,710,4,714,3000.000000,4,4.000000,300.000000,20.000000,105,100,1.000000,4.000000,5.000000,OfdmRate6MbpsBW10MHz,4.467000,5.956000,710,28400,11583,16817,0.407852,0.592148,5.964000,57.637710,68.060710
12345,2,720,4,724,3000.000000,4,4.000000,300.000000,20.000000,105,100,1.000000,4.000000,5.000000,OfdmRate6MbpsBW10MHz,4.467000,5.956000,720,28800,11280,17520,0.391667,0.608333,6.048000,59.413991,69.836991
12345,2,730,4,734,3000.000000,4,4.000000,300.000000,20.000000,105,100,1.000000,4.000000,5.000000,OfdmRate6MbpsBW10MHz,4.467000,5.956000,730,29200,12385,16815,0.424144,0.575856,6.132000,47.263108,57.686108
12345,2,740,4,744,3000.000000,4,4.000000,300.000000,20.000000,105,100,1.000000,4.000000,5.000000,OfdmRate6MbpsBW10MHz,4.467000,5.956000,740,29600,12324,17276,0.416351,0.583649,6.216000,56.176524,66.599524
12345,2,750,4,754,3000.000000,4,4.000000,300.000000,20.000000,105,100,1.000000,4.000000,5.000000,OfdmRate6MbpsBW10MHz,4.467000,5.956000,750,30000,11973,18027,0.399100,0.600900,6.300000,56.623798,67.046798
12345,2,760,4,764,3000.000000,4,4.000000,300.000000,20.000000,105,100,1.000000,4.000000,5.000000,OfdmRate6MbpsBW10MHz,4.467000,5.956000,760,30400,12446,17954,0.409408,0.590592,6.384000,53.177145,63.600145
12345,3,10,4,14,3000.000000,4,4.000000,300.000000,20.000000,105,100,1.000000,4.000000,5.000000,OfdmRate6MbpsBW10MHz,4.467000,5.956000,10,400,244,156,0.610000,0.390000,0.084000,23.826507,34.249507
12345,3,20,4,24,3000.000000,4,4.000000,300.000000,20.000000,105,100,1.000000,4.000000,5.000000,OfdmRate6MbpsBW10MHz,4.467000,5.956000,20,800,473,327,0.591250,0.408750,0.168000,6.157700,16.580700
12345,3,30,4,34,3000.000000,4,4.000000,300.000000,20.000000,105,100,1.000000,4.000000,5.000000,OfdmRate6MbpsBW10MHz,4.467000,5.956000,30,1200,705,495,0.587500,0.412500,0.252000,33.229066,43.652066
12345,3,40,4,44,3000.000000,4,4.000000,300.000000,20.000000,105,100,1.000000,4.000000,5.000000,OfdmRate6MbpsBW10MHz,4.467000,5.956000,40,1600,948,652,0.592500,0.407500,0.336000,15.644631,26.067631
12345,3,50,4,54,3000.000000,4,4.000000,300.000000,20.000000,105,100,1.000000,4.000000,5.000000,OfdmRate6MbpsBW10MHz,4.467000,5.956000,50,2000,1186,814,0.593000,0.407000,0.420000,17.393634,27.816634
12345,3,60,4,64,3000.000000,4,4.000000,300.000000,20.000000,105,100,1.000000,4.000000,5.000000,OfdmRate6MbpsBW10MHz,4.467000,5.956000,60,2400,1356,1044,0.565000,0.435000,0.504000,10.434399,20.857399
12345,3,70,4,74,3000.000000,4,4.000000,300.000000,20.000000,105,100,1.000000,4.000000,5.000000,OfdmRate6MbpsBW10MHz,4.467000,5.956000,70,2800,1657,1143,0.591786,0.408214,0.588000,21.315693,31.738693
12345,3,80,4,84,3000.000000,4,4.000000,300.000000,20.000000,105,100,1.000000,4.000000,5.000000,OfdmRate6MbpsBW10MHz,4.467000,5.956000,80,3200,1904,1296,0.595000,0.405000,0.672000,10.809543,21.232543
12345,3,90,4,94,3000.000000,4,4.000000,300.000000,20.000000,105,100,1.000000,4.000000,5.000000,OfdmRate6MbpsBW10MHz,4.467000,5.956000,90,3600,2153,1447,0.598056,0.401944,0.756000,9.677182,20.100182
12345,3,100,4,104,3000.000000,4,4.000000,300.000000,20.000000,105,100,1.000000,4.000000,5.000000,OfdmRate6MbpsBW10MHz,4.467000,5.956000,100,4000,2336,1664,0.584000,0.416000,0.840000,19.914378,30.337378
12345,3,110,4,114,3000.000000,4,4.000000,300.000000,20.000000,105,100,1.000000,4.000000,5.000000,OfdmRate6MbpsBW10MHz,4.467000,5.956000,110,4400,2519,1881,0.572500,0.427500,0.924000,17.418608,27.841608
12345,3,120,4,124,3000.000000,4,4.000000,300.000000,20.000000,105,100,1.000000,4.000000,5.000000,OfdmRate6MbpsBW10MHz,4.467000,5.956000,120,4800,2795,2005,0.582292,0.417708,1.008000,16.898417,27.321417
12345,3,130,4,134,3000.000000,4,4.000000,300.000000,20.000000,105,100,1.000000,4.000000,5.000000,OfdmRate6MbpsBW10MHz,4.467000,5.956000,130,5200,3031,2169,0.582885,0.417115,1.092000,17.335387,27.758387
12345,3,140,4,144,3000.000000,4,4.000000,300.000000,20.000000,105,100,1.000000,4.000000,5.000000,OfdmRate6MbpsBW10MHz,4.467000,5.956000,140,5600,3331,2269,0.594821,0.405179,1.176000,14.219978,24.642978
12345,3,150,4,154,3000.000000,4,4.000000,300.000000,20.000000,105,100,1.000000,4.000000,5.000000,OfdmRate6MbpsBW10MHz,4.467000,5.956000,150,6000,3484,2516,0.580667,0.419333,1.260000,11.720157,22.143157
12345,3,160,4,164,3000.000000,4,4.000000,300.000000,20.000000,105,100,1.000000,4.000000,5.000000,OfdmRate6MbpsBW10MHz,4.467000,5.956000,160,6400,3719,2681,0.581094,0.418906,1.344000,18.746645,29.169645
12345,3,170,4,174,3000.000000,4,4.000000,300.000000,20.000000,105,100,1.000000,4.000000,5.000000,OfdmRate6MbpsBW10MHz,4.467000,5.956000,170,6800,3983,2817,0.585735,0.414265,1.428000,15.302121,25.725121
12345,3,180,4,184,3000.000000,4,4.000000,300.000000,20.000000,105,100,1.000000,4.000000,5.000000,OfdmRate6MbpsBW10MHz,4.467000,5.956000,180,7200,4135,3065,0.574306,0.425694,1.512000,17.676462,28.099462
12345,3,190,4,194,3000.000000,4,4.000000,300.000000,20.000000,105,100,1.000000,4.000000,5.000000,OfdmRate6MbpsBW10MHz,4.467000,5.956000,190,7600,4338,3262,0.570789,0.429211,1.596000,21.360610,31.783610
12345,3,200,4,204,3000.000000,4,4.000000,300.000000,20.000000,105,100,1.000000,4.000000,5.000000,OfdmRate6MbpsBW10MHz,4.467000,5.956000,200,8000,4486,3514,0.560750,0.439250,1.680000,21.323425,31.746425
12345,3,210,4,214,3000.000000,4,4.000000,300.000000,20.000000,105,100,1.000000,4.000000,5.000000,OfdmRate6MbpsBW10MHz,4.467000,5.956000,210,8400,4856,3544,0.578095,0.421905,1.764000,23.484680,33.907680
12345,3,220,4,224,3000.000000,4,4.000000,300.000000,20.000000,105,100,1.000000,4.000000,5.000000,OfdmRate6MbpsBW10MHz,4.467000,5.956000,220,8800,5100,3700,0.579545,0.420455,1.848000,22.824725,33.247725
12345,3,230,4,234,3000.000000,4,4.000000,300.000000,20.000000,105,100,1.000000,4.000000,5.000000,OfdmRate6MbpsBW10MHz,4.467000,5.956000,230,9200,5289,3911,0.574891,0.425109,1.932000,25.805652,36.228652
12345,3,240,4,244,3000.000000,4,4.000000,300.000000,20.000000,105,100,1.000000,4.000000,5.000000,OfdmRate6MbpsBW10MHz,4.467000,5.956000,240,9600,5565,4035,0.579688,0.420312,2.016000,18.448237,28.871237
12345,3,250,4,254,3000.000000,4,4.000000,300.000000,20.000000,105,100,1.000000,4.000000,5.000000,OfdmRate6MbpsBW10MHz,4.467000,5.956000,250,10000,5700,4300,0.570000,0.430000,2.100000,24.832255,35.255255
12345,3,260,4,264,3000.000000,4,4.000000,300.000000,20.000000,105,100,1.000000,4.000000,5.000000,OfdmRate6MbpsBW10MHz,4.467000,5.956000,260,10400,5862,4538,0.563654,0.436346,2.184000,24.561504,34.984504
12345,3,270,4,274,3000.000000,4,4.000000,300.000000,20.000000,105,100,1.000000,4.000000,5.000000,OfdmRate6MbpsBW10MHz,4.467000,5.956000,270,10800,6123,4677,0.566944,0.433056,2.268000,20.472201,30.895201
12345,3,280,4,284,3000.000000,4,4.000000,300.000000,20.000000,105,100,1.000000,4.000000,5.000000,OfdmRate6MbpsBW10MHz,4.467000,5.956000,280,11200,6329,4871,0.565089,0.434911,2.352000,17.275542,27.698542
12345,3,290,4,294,3000.000000,4,4.000000,300.000000,20.000000,105,100,1.000000,4.000000,5.000000,OfdmRate6MbpsBW10MHz,4.467000,5.956000,290,11600,6702,4898,0.577759,0.422241,2.436000,21.520735,31.943735
12345,3,300,4,304,3000.000000,4,4.000000,300.000000,20.000000,105,100,1.000000,4.000000,5.000000,OfdmRate6MbpsBW10MHz,4.467000,5.956000,300,12000,6782,5218,0.565167,0.434833,2.520000,21.152740,31.575740
12345,3,310,4,314,3000.000000,4,4.000000,300.000000,20.000000,105,100,1.000000,4.000000,5.000000,OfdmRate6MbpsBW10MHz,4.467000,5.956000,310,12400,6994,5406,0.564032,0.435968,2.604000,21.110011,31.533011
12345,3,320,4,324,3000.000000,4,4.000000,300.000000,20.000000,105,100,1.000000,4.000000,5.000000,OfdmRate6MbpsBW10MHz,4.467000,5.956000,320,12800,7132,5668,0.557187,0.442812,2.688000,33.097686,43.520686
12345,3,330,4,334,3000.000000,4,4.000000,300.000000,20.000000,105,100,1.000000,4.000000,5.000000,OfdmRate6MbpsBW10MHz,4.467000,5.956000,330,13200,7376,5824,0.558788,0.441212,2.772000,22.855804,33.278804
12345,3,340,4,344,3000.000000,4,4.000000,300.000000,20.000000,105,100,1.000000,4.000000,5.000000,OfdmRate6MbpsBW10MHz,4.467000,5.956000,340,13600,7491,6109,0.550809,0.449191,2.856000,28.238570,38.661570
12345,3,350,4,354,3000.000000,4,4.000000,300.000000,20.000000,105,100,1.000000,4.000000,5.000000,OfdmRate6MbpsBW10MHz,4.467000,5.956000,350,14000,7794,6206,0.556714,0.443286,2.940000,33.065613,43.488613
12345,3,360,4,364,3000.000000,4,4.000000,300.000000,20.000000,105,100,1.000000,4.000000,5.000000,OfdmRate6MbpsBW10MHz,4.467000,5.956000,360,14400,7938,6462,0.551250,0.448750,3.024000,29.572981,39.995981
12345,3,370,4,374,3000.000000,4,4.000000,300.000000,20.000000,105,100,1.000000,4.000000,5.000000,OfdmRate6MbpsBW10MHz,4.467000,5.956000,370,14800,8212,6588,0.554865,0.445135,3.108000,26.517693,36.940693
12345,3,380,4,384,3000.000000,4,4.000000,300.000000,20.000000,105,100,1.000000,4.000000,5.000000,OfdmRate6MbpsBW10MHz,4.467000,5.956000,380,15200,8169,7031,0.537434,0.462566,3.192000,37.188300,47.611300
12345,3,390,4,394,3000.000000,4,4.000000,300.000000,20.000000,105,100,1.000000,4.000000,5.000000,OfdmRate6MbpsBW10MHz,4.467000,5.956000,390,15600,8500,7100,0.544872,0.455128,3.276000,31.038988,41.461988
12345,3,400,4,404,3000.000000,4,4.000000,300.000000,20.000000,105,100,1.000000,4.000000,5.000000,OfdmRate6MbpsBW10MHz,4.467000,5.956000,400,16000,8754,7246,0.547125,0.452875,3.360000,24.588075,35.011075
12345,3,410,4,414,3000.000000,4,4.000000,300.000000,20.000000,105,100,1.000000,4.000000,5.000000,OfdmRate6MbpsBW10MHz,4.467000,5.956000,410,16400,9165,7235,0.558841,0.441159,3.444000,21.746194,32.169194
12345,3,420,4,424,3000.000000,4,4.000000,300.000000,20.000000,105,100,1.000000,4.000000,5.000000,OfdmRate6MbpsBW10MHz,4.467000,5.956000,420,16800,9133,7667,0.543631,0.456369,3.528000,31.191094,41.614094
12345,3,430,4,434,3000.000000,4,4.000000,300.000000,20.000000,105,100,1.000000,4.000000,5.000000,OfdmRate6MbpsBW10MHz,4.467000,5.956000,430,17200,9177,8023,0.533547,0.466453,3.612000,40.214521,50.637521
12345,3,440,4,444,3000.000000,4,4.000000,300.000000,20.000000,105,100,1.000000,4.000000,5.000000,OfdmRate6MbpsBW10MHz,4.467000,5.956000,440,17600,9536,8064,0.541818,0.458182,3.696000,30.540392,40.963392
12345,3,450,4,454,3000.000000,4,4.000000,300.000000,20.000000,105,100,1.000000,4.000000,5.000000,OfdmRate6MbpsBW10MHz,4.467000,5.956000,450,18000,9559,8441,0.531056,0.468944,3.780000,36.531602,46.954602
12345,3,460,4,464,3000.000000,4,4.000000,300.000000,20.000000,105,100,1.000000,4.000000,5.000000,OfdmRate6MbpsBW10MHz,4.467000,5.956000,460,18400,9664,8736,0.525217,0.474783,3.864000,32.705812,43.128812
12345,3,470,4,474,3000.000000,4,4.000000,300.000000,20.000000,105,100,1.000000,4.000000,5.000000,OfdmRate6MbpsBW10MHz,4.467000,5.956000,470,18800,9981,8819,0.530904,0.469096,3.948000,33.388495,43.811495
12345,3,480,4,484,3000.000000,4,4.000000,300.000000,20.000000,105,100,1.000000,4.000000,5.000000,OfdmRate6MbpsBW10MHz,4.467000,5.956000,480,19200,10054,9146,0.523646,0.476354,4.032000,29.189603,39.612603
12345,3,490,4,494,3000.000000,4,4.000000,300.000000,20.000000,105,100,1.000000,4.000000,5.000000,OfdmRate6MbpsBW10MHz,4.467000,5.956000,490,19600,10099,9501,0.515255,0.484745,4.116000,33.575219,43.998219
12345,3,500,4,504,3000.000000,4,4.000000,300.000000,20.000000,105,100,1.000000,4.000000,5.000000,OfdmRate6MbpsBW10MHz,4.467000,5.956000,500,20000,10304,9696,0.515200,0.484800,4.200000,30.078641,40.501641
12345,3,510,4,514,3000.000000,4,4.000000,300.000000,20.000000,105,100,1.000000,4.000000,5.000000,OfdmRate6MbpsBW10MHz,4.467000,5.956000,510,20400,10429,9971,0.511225,0.488775,4.284000,35.130290,45.553290
12345,3,520,4,524,3000.000000,4,4.000000,300.000000,20.000000,105,100,1.000000,4.000000,5.000000,OfdmRate6MbpsBW10MHz,4.467000,5.956000,520,20800,10723,10077,0.515529,0.484471,4.368000,35.889685,46.312685
12345,3,530,4,534,3000.000000,4,4.000000,300.000000,20.000000,105,100,1.000000,4.000000,5.000000,OfdmRate6MbpsBW10MHz,4.467000,5.956000,530,21200,10712,10488,0.505283,0.494717,4.452000,40.885432,51.308432
12345,3,540,4,544,3000.000000,4,4.000000,300.000000,20.000000,105,100,1.000000,4.000000,5.000000,OfdmRate6MbpsBW10MHz,4.467000,5.956000,540,21600,10819,10781,0.500880,0.499120,4.536000,36.624166,47.047166
12345,3,550,4,554,3000.000000,4,4.000000,300.000000,20.000000,105,100,1.000000,4.000000,5.000000,OfdmRate6MbpsBW10MHz,4.467000,5.956000,550,22000,11013,10987,0.500591,0.499409,4.620000,41.932994,52.355994
12345,3,560,4,564,3000.000000,4,4.000000,300.000000,20.000000,105,100,1.000000,4.000000,5.000000,OfdmRate6MbpsBW10MHz,4.467000,5.956000,560,22400,10876,11524,0.485536,0.514464,4.704000,35.153401,45.576401
12345,3,570,4,574,3000.000000,4,4.000000,300.000000,20.000000,105,100,1.000000,4.000000,5.000000,OfdmRate6MbpsBW10MHz,4.467000,5.956000,570,22800,10802,11998,0.473772,0.526228,4.788000,41.734214,52.157214
12345,3,580,4,584,3000.000000,4,4.000000,300.000000,20.000000,105,100,1.000000,4.000000,5.000000,OfdmRate6MbpsBW10MHz,4.467000,5.956000,580,23200,11303,11897,0.487198,0.512802,4.872000,33.513376,43.936376
12345,3,590,4,594,3000.000000,4,4.000000,300.000000,20.000000,105,100,1.000000,4.000000,5.000000,OfdmRate6MbpsBW10MHz,4.467000,5.956000,590,23600,11215,12385,0.475212,0.524788,4.956000,37.697949,48.120949
12345,3,600,4,604,3000.000000,4,4.000000,300.000000,20.000000,105,100,1.000000,4.000000,5.000000,OfdmRate6MbpsBW10MHz,4.467000,5.956000,600,24000,11378,12622,0.474083,0.525917,5.040000,41.719973,52.142973
12345,3,610,4,614,3000.000000,4,4.000000,300.000000,20.000000,105,100,1.000000,4.000000,5.000000,OfdmRate6MbpsBW10MHz,4.467000,5.956000,610,24400,11208,13192,0.459344,0.540656,5.124000,42.194125,52.617125
12345,3,620,4,624,3000.000000,4,4.000000,300.000000,20.000000,105,100,1.000000,4.000000,5.000000,OfdmRate6MbpsBW10MHz,4.467000,5.956000,620,24800,11210,13590,0.452016,0.547984,5.208000,46.075265,56.498265
12345,3,630,4,634,3000.000000,4,4.000000,300.000000,20.000000,105,100,1.000000,4.000000,5.000000,OfdmRate6MbpsBW10MHz,4.467000,5.956000,630,25200,10907,14293,0.432817,0.567183,5.292000,46.228528,56.651528
12345,3,640,4,644,3000.000000,4,4.000000,300.000000,20.000000,105,100,1.000000,4.000000,5.000000,OfdmRate6MbpsBW10MHz,4.467000,5.956000,640,25600,11903,13697,0.464961,0.535039,5.376000,38.296036,48.719036
12345,3,650,4,654,3000.000000,4,4.000000,300.000000,20.000000,105,100,1.000000,4.000000,5.000000,OfdmRate6MbpsBW10MHz,4.467000,5.956000,650,26000,11360,14640,0.436923,0.563077,5.460000,42.941028,53.364028
12345,3,660,4,664,3000.000000,4,4.000000,300.000000,20.000000,105,100,1.000000,4.000000,5.000000,OfdmRate6MbpsBW10MHz,4.467000,5.956000,660,26400,12195,14205,0.461932,0.538068,5.544000,34.157556,44.580556
12345,3,670,4,674,3000.000000,4,4.000000,300.000000,20.000000,105,100,1.000000,4.000000,5.000000,OfdmRate6MbpsBW10MHz,4.467000,5.956000,670,26800,11583,15217,0.432201,0.567799,5.628000,46.867513,57.290513
12345,3,680,4,684,3000.000000,4,4.000000,300.000000,20.000000,105,100,1.000000,4.000000,5.000000,OfdmRate6MbpsBW10MHz,4.467000,5.956000,680,27200,11643,15557,0.428051,0.571949,5.712000,43.735104,54.158104
12345,3,690,4,694,3000.000000,4,4.000000,300.000000,20.000000,105,100,1.000000,4.000000,5.000000,OfdmRate6MbpsBW10MHz,4.467000,5.956000,690,27600,12014,15586,0.435290,0.564710,5.796000,43.083461,53.506461
12345,3,700,4,704,3000.000000,4,4.000000,300.000000,20.000000,105,100,1.000000,4.000000,5.000000,OfdmRate6MbpsBW10MHz,4.467000,5.956000,700,28000,11873,16127,0.424036,0.575964,5.880000,48.392130,58.815130
12345,3,710,4,714,3000.000000,4,4.000000,300.000000,20.000000,105,100,1.000000,4.000000,5.000000,OfdmRate6MbpsBW10MHz,4.467000,5.956000,710,28400,11728,16672,0.412958,0.587042,5.964000,57.450752,67.873752
12345,3,720,4,724,3000.000000,4,4.000000,300.000000,20.000000,105,100,1.000000,4.000000,5.000000,OfdmRate6MbpsBW10MHz,4.467000,5.956000,720,28800,11951,16849,0.414965,0.585035,6.048000,50.392198,60.815198
12345,3,730,4,734,3000.000000,4,4.000000,300.000000,20.000000,105,100,1.000000,4.000000,5.000000,OfdmRate6MbpsBW10MHz,4.467000,5.956000,730,29200,12184,17016,0.417260,0.582740,6.132000,48.151687,58.574687
12345,3,740,4,744,3000.000000,4,4.000000,300.000000,20.000000,105,100,1.000000,4.000000,5.000000,OfdmRate6MbpsBW10MHz,4.467000,5.956000,740,29600,12203,17397,0.412264,0.587736,6.216000,41.117991,51.540991
12345,3,750,4,754,3000.000000,4,4.000000,300.000000,20.000000,105,100,1.000000,4.000000,5.000000,OfdmRate6MbpsBW10MHz,4.467000,5.956000,750,30000,12181,17819,0.406033,0.593967,6.300000,58.063347,68.486347
12345,3,760,4,764,3000.000000,4,4.000000,300.000000,20.000000,105,100,1.000000,4.000000,5.000000,OfdmRate6MbpsBW10MHz,4.467000,5.956000,760,30400,11870,18530,0.390461,0.609539,6.384000,55.012909,65.435909
12345,4,10,4,14,3000.000000,4,4.000000,300.000000,20.000000,105,100,1.000000,4.000000,5.000000,OfdmRate6MbpsBW10MHz,4.467000,5.956000,10,400,227,173,0.567500,0.432500,0.084000,38.739358,49.162358
12345,4,20,4,24,3000.000000,4,4.000000,300.000000,20.000000,105,100,1.000000,4.000000,5.000000,OfdmRate6MbpsBW10MHz,4.467000,5.956000,20,800,470,330,0.587500,0.412500,0.168000,6.243769,16.666769
12345,4,30,4,34,3000.000000,4,4.000000,300.000000,20.000000,105,100,1.000000,4.000000,5.000000,OfdmRate6MbpsBW10MHz,4.467000,5.956000,30,1200,696,504,0.580000,0.420000,0.252000,33.224817,43.647817
12345,4,40,4,44,3000.000000,4,4.000000,300.000000,20.000000,105,100,1.000000,4.000000,5.000000,OfdmRate6MbpsBW10MHz,4.467000,5.956000,40,1600,907,693,0.566875,0.433125,0.336000,31.579177,42.002177
12345,4,50,4,54,3000.000000,4,4.000000,300.000000,20.000000,105,100,1.000000,4.000000,5.000000,OfdmRate6MbpsBW10MHz,4.467000,5.956000,50,2000,1198,802,0.599000,0.401000,0.420000,14.808194,25.231194
12345,4,60,4,64,3000.000000,4,4.000000,300.000000,20.000000,105,100,1.000000,4.000000,5.000000,OfdmRate6MbpsBW10MHz,4.467000,5.956000,60,2400,1422,978,0.592500,0.407500,0.504000,20.295746,30.718746
12345,4,70,4,74,3000.000000,4,4.000000,300.000000,20.000000,105,100,1.000000,4.000000,5.000000,OfdmRate6MbpsBW10MHz,4.467000,5.956000,70,2800,1655,1145,0.591071,0.408929,0.588000,15.864610,26.287610
12345,4,80,4,84,3000.000000,4,4.000000,300.000000,20.000000,105,100,1.000000,4.000000,5.000000,OfdmRate6MbpsBW10MHz,4.467000,5.956000,80,3200,1876,1324,0.586250,0.413750,0.672000,13.736389,24.159389
12345,4,90,4,94,3000.000000,4,4.000000,300.000000,20.000000,105,100,1.000000,4.000000,5.000000,OfdmRate6MbpsBW10MHz,4.467000,5.956000,90,3600,2098,1502,0.582778,0.417222,0.756000,16.630659,27.053659
12345,4,100,4,104,3000.000000,4,4.000000,300.000000,20.000000,105,100,1.000000,4.000000,5.000000,OfdmRate6MbpsBW10MHz,4.467000,5.956000,100,4000,2351,1649,0.587750,0.412250,0.840000,11.321482,21.744482
12345,4,110,4,114,3000.000000,4,4.000000,300.000000,20.000000,105,100,1.000000,4.000000,5.000000,OfdmRate6MbpsBW10MHz,4.467000,5.956000,110,4400,2594,1806,0.589545,0.410455,0.924000,16.983248,27.406248
12345,4,120,4,124,3000.000000,4,4.000000,300.000000,20.000000,105,100,1.000000,4.000000,5.000000,OfdmRate6MbpsBW10MHz,4.467000,5.956000,120,4800,2840,1960,0.591667,0.408333,1.008000,17.531042,27.954042
12345,4,130,4,134,3000.000000,4,4.000000,300.000000,20.000000,105,100,1.000000,4.000000,5.000000,OfdmRate6MbpsBW10MHz,4.467000,5.956000,130,5200,3031,2169,0.582885,0.417115,1.092000,21.773878,32.196878
12345,4,140,4,144,3000.000000,4,4.000000,300.000000,20.000000,105,100,1.000000,4.000000,5.000000,OfdmRate6MbpsBW10MHz,4.467000,5.956000,140,5600,3230,2370,0.576786,0.423214,1.176000,23.001439,33.424439
12345,4,150,4,154,3000.000000,4,4.000000,300.000000,20.000000,105,100,1.000000,4.000000,5.000000,OfdmRate6MbpsBW10MHz,4.467000,5.956000,150,6000,3541,2459,0.590167,0.409833,1.260000,13.191446,23.614446
12345,4,160,4,164,3000.000000,4,4.000000,300.000000,20.000000,105,100,1.000000,4.000000,5.000000,OfdmRate6MbpsBW10MHz,4.467000,5.956000,160,6400,3771,2629,0.589219,0.410781,1.344000,22.461082,32.884082
12345,4,170,4,174,3000.000000,4,4.000000,300.000000,20.000000,105,100,1.000000,4.000000,5.000000,OfdmRate6MbpsBW10MHz,4.467000,5.956000,170,6800,3947,2853,0.580441,0.419559,1.428000,17.761095,28.184095
12345,4,180,4,184,3000.000000,4,4.000000,300.000000,20.000000,105,100,1.000000,4.000000,5.000000,OfdmRate6MbpsBW10MHz,4.467000,5.956000,180,7200,4254,2946,0.590833,0.409167,1.512000,20.017241,30.440241
12345,4,190,4,194,3000.000000,4,4.000000,300.000000,20.000000,105,100,1.000000,4.000000,5.000000,OfdmRate6MbpsBW10MHz,4.467000,5.956000,190,7600,4398,3202,0.578684,0.421316,1.596000,18.420989,28.843989
12345,4,200,4,204,3000.000000,4,4.000000,300.000000,20.000000,105,100,1.000000,4.000000,5.000000,OfdmRate6MbpsBW10MHz,4.467000,5.956000,200,8000,4579,3421,0.572375,0.427625,1.680000,14.030453,24.453453
12345,4,210,4,214,3000.000000,4,4.000000,300.000000,20.000000,105,100,1.000000,4.000000,5.000000,OfdmRate6MbpsBW10MHz,4.467000,5.956000,210,8400,4875,3525,0.580357,0.419643,1.764000,21.237055,31.660055
12345,4,220,4,224,3000.000000,4,4.000000,300.000000,20.000000,105,100,1.000000,4.000000,5.000000,OfdmRate6MbpsBW10MHz,4.467000,5.956000,220,8800,5051,3749,0.573977,0.426023,1.848000,21.093184,31.516184
12345,4,230,4,234,3000.000000,4,4.000000,300.000000,20.000000,105,100,1.000000,4.000000,5.000000,OfdmRate6MbpsBW10MHz,4.467000,5.956000,230,9200,5287,3913,0.574674,0.425326,1.932000,15.406898,25.829898
12345,4,240,4,244,3000.000000,4,4.000000,300.000000,20.000000,105,100,1.000000,4.000000,5.000000,OfdmRate6MbpsBW10MHz,4.467000,5.956000,240,9600,5443,4157,0.566979,0.433021,2.016000,21.678697,32.101697
12345,4,250,4,254,3000.000000,4,4.000000,300.000000,20.000000,105,100,1.000000,4.000000,5.000000,OfdmRate6MbpsBW10MHz,4.467000,5.956000,250,10000,5703,4297,0.570300,0.429700,2.100000,23.351926,33.774926
12345,4,260,4,264,3000.000000,4,4.000000,300.000000,20.000000,105,100,1.000000,4.000000,5.000000,OfdmRate6MbpsBW10MHz,4.467000,5.956000,260,10400,5942,4458,0.571346,0.428654,2.184000,20.502894,30.925894
12345,4,270,4,274,3000.000000,4,4.000000,300.000000,20.000000,105,100,1.000000,4.000000,5.000000,OfdmRate6MbpsBW10MHz,4.467000,5.956000,270,10800,6233,4567,0.577130,0.422870,2.268000,18.227531,28.650531
12345,4,280,4,284,3000.000000,4,4.000000,300.000000,20.000000,105,100,1.000000,4.000000,5.000000,OfdmRate6MbpsBW10MHz,4.467000,5.956000,280,11200,6344,4856,0.566429,0.433571,2.352000,19.224082,29.647082
12345,4,290,4,294,3000.000000,4,4.000000,300.000000,20.000000,105,100,1.000000,4.000000,5.000000,OfdmRate6MbpsBW10MHz,4.467000,5.956000,290,11600,6659,4941,0.574052,0.425948,2.436000,20.636797,31.059797
12345,4,300,4,304,3000.000000,4,4.000000,300.000000,20.000000,105,100,1.000000,4.000000,5.000000,OfdmRate6MbpsBW10MHz,4.467000,5.956000,300,12000,6839,5161,0.569917,0.430083,2.520000,21.880351,32.303351
12345,4,310,4,314,3000.000000,4,4.000000,300.000000,20.000000,105,100,1.000000,4.000000,5.000000,OfdmRate6MbpsBW10MHz,4.467000,5.956000,310,12400,6974,5426,0.562419,0.437581,2.604000,28.586033,39.009033
12345,4,320,4,324,3000.000000,4,4.000000,300.000000,20.000000,105,100,1.000000,4.000000,5.000000,OfdmRate6MbpsBW10MHz,4.467000,5.956000,320,12800,7158,5642,0.559219,0.440781,2.688000,26.393570,36.816570
12345,4,330,4,334,3000.000000,4,4.000000,300.000000,20.000000,105,100,1.000000,4.000000,5.000000,OfdmRate6MbpsBW10MHz,4.467000,5.956000,330,13200,7260,5940,0.550000,0.450000,2.772000,31.697122,42.120122
12345,4,340,4,344,3000.000000,4,4.000000,300.000000,20.000000,105,100,1.000000,4.000000,5.000000,OfdmRate6MbpsBW10MHz,4.467000,5.956000,340,13600,7440,6160,0.547059,0.452941,2.856000,28.415590,38.838590
12345,4,350,4,354,3000.000000,4,4.000000,300.000000,20.000000,105,100,1.000000,4.000000,5.000000,OfdmRate6MbpsBW10MHz,4.467000,5.956000,350,14000,7839,6161,0.559929,0.440071,2.940000,25.402802,35.825802
12345,4,360,4,364,3000.000000,4,4.000000,300.000000,20.000000,105,100,1.000000,4.000000,5.000000,OfdmRate6MbpsBW10MHz,4.467000,5.956000,360,14400,7927,6473,0.550486,0.449514,3.024000,26.071871,36.494871
12345,4,370,4,374,3000.000000,4,4.000000,300.000000,20.000000,105,100,1.000000,4.000000,5.000000,OfdmRate6MbpsBW10MHz,4.467000,5.956000,370,14800,7972,6828,0.538649,0.461351,3.108000,31.647566,42.070566
12345,4,380,4,384,3000.000000,4,4.000000,300.000000,20.000000,105,100,1.000000,4.000000,5.000000,OfdmRate6MbpsBW10MHz,4.467000,5.956000,380,15200,8248,6952,0.542632,0.457368,3.192000,30.112823,40.535823
12345,4,390,4,394,3000.000000,4,4.000000,300.000000,20.000000,105,100,1.000000,4.000000,5.000000,OfdmRate6MbpsBW10MHz,4.467000,5.956000,390,15600,8686,6914,0.556795,0.443205,3.276000,25.374988,35.797988
12345,4,400,4,404,3000.000000,4,4.000000,300.000000,20.000000,105,100,1.000000,4.000000,5.000000,OfdmRate6MbpsBW10MHz,4.467000,5.956000,400,16000,8746,7254,0.546625,0.453375,3.360000,28.770723,39.193723
12345,4,410,4,414,3000.000000,4,4.000000,300.000000,20.000000,105,100,1.000000,4.000000,5.000000,OfdmRate6MbpsBW10MHz,4.467000,5.956000,410,16400,8757,7643,0.533963,0.466037,3.444000,30.342480,40.765480
12345,4,420,4,424,3000.000000,4,4.000000,300.000000,20.000000,105,100,1.000000,4.000000,5.000000,OfdmRate6MbpsBW10MHz,4.467000,5.956000,420,16800,8951,7849,0.532798,0.467202,3.528000,31.882947,42.305947
12345,4,430,4,434,3000.000000,4,4.000000,300.000000,20.000000,105,100,1.000000,4.000000,5.000000,OfdmRate6MbpsBW10MHz,4.467000,5.956000,430,17200,9129,8071,0.530756,0.469244,3.612000,33.870900,44.293900
12345,4,440,4,444,3000.000000,4,4.000000,300.000000,20.000000,105,100,1.000000,4.000000,5.000000,OfdmRate6MbpsBW10MHz,4.467000,5.956000,440,17600,9254,8346,0.525795,0.474205,3.696000,30.637648,41.060648
12345,4,450,4,454,3000.000000,4,4.000000,300.000000,20.000000,105,100,1.000000,4.000000,5.000000,OfdmRate6MbpsBW10MHz,4.467000,5.956000,450,18000,9412,8588,0.522889,0.477111,3.780000,32.867980,43.290980
12345,4,460,4,464,3000.000000,4,4.000000,300.000000,20.000000,105,100,1.000000,4.000000,5.000000,OfdmRate6MbpsBW10MHz,4.467000,5.956000,460,18400,9651,8749,0.524511,0.475489,3.864000,35.911221,46.334221
12345,4,470,4,474,3000.000000,4,4.000000,300.000000,20.000000,105,100,1.000000,4.000000,5.000000,OfdmRate6MbpsBW10MHz,4.467000,5.956000,470,18800,9856,8944,0.524255,0.475745,3.948000,36.146544,46.569544
12345,4,480,4,484,3000.000000,4,4.000000,300.000000,20.000000,105,100,1.000000,4.000000,5.000000,OfdmRate6MbpsBW10MHz,4.467000,5.956000,480,19200,9906,9294,0.515938,0.484063,4.032000,29.964524,40.387524
12345,4,490,4,494,3000.000000,4,4.000000,300.000000,20.000000,105,100,1.000000,4.000000,5.000000,OfdmRate6MbpsBW10MHz,4.467000,5.956000,490,19600,10014,9586,0.510918,0.489082,4.116000,34.270502,44.693502
12345,4,500,4,504,3000.000000,4,4.000000,300.000000,20.000000,105,100,1.000000,4.000000,5.000000,OfdmRate6MbpsBW10MHz,4.467000,5.956000,500,20000,10213,9787,0.510650,0.489350,4.200000,33.186312,43.609312
12345,4,510,4,514,3000.000000,4,4.000000,300.000000,20.000000,105,100,1.000000,4.000000,5.000000,OfdmRate6MbpsBW10MHz,4.467000,5.956000,510,20400,10346,10054,0.507157,0.492843,4.284000,32.261048,42.684048
12345,4,520,4,524,3000.000000,4,4.000000,300.000000,20.000000,105,100,1.000000,4.000000,5.000000,OfdmRate6MbpsBW10MHz,4.467000,5.956000,520,20800,10605,10195,0.509856,0.490144,4.368000,32.450935,42.873935
12345,4,530,4,534,3000.000000,4,4.000000,300.000000,20.000000,105,100,1.000000,4.000000,5.000000,OfdmRate6MbpsBW10MHz,4.467000,5.956000,530,21200,10724,10476,0.505849,0.494151,4.452000,36.466809,46.889809
12345,4,540,4,544,3000.000000,4,4.000000,300.000000,20.000000,105,100,1.000000,4.000000,5.000000,OfdmRate6MbpsBW10MHz,4.467000,5.956000,540,21600,10765,10835,0.498380,0.501620,4.536000,35.225227,45.648227
12345,4,550,4,554,3000.000000,4,4.000000,300.000000,20.000000,105,100,1.000000,4.000000,5.000000,OfdmRate6MbpsBW10MHz,4.467000,5.956000,550,22000,11284,10716,0.512909,0.487091,4.620000,33.073702,43.496702
12345,4,560,4,564,3000.000000,4,4.000000,300.000000,20.000000,105,100,1.000000,4.000000,5.000000,OfdmRate6MbpsBW10MHz,4.467000,5.956000,560,22400,11266,11134,0.502946,0.497054,4.704000,36.627382,47.050382
12345,4,570,4,574,3000.000000,4,4.000000,300.000000,20.000000,105,100,1.000000,4.000000,5.000000,OfdmRate6MbpsBW10MHz,4.467000,5.956000,570,22800,11248,11552,0.493333,0.506667,4.788000,37.314767,47.737767
12345,4,580,4,584,3000.000000,4,4.000000,300.000000,20.000000,105,100,1.000000,4.000000,5.000000,OfdmRate6MbpsBW10MHz,4.467000,5.956000,580,23200,11114,12086,0.479052,0.520948,4.872000,39.056733,49.479733
12345,4,590,4,594,3000.000000,4,4.000000,300.000000,20.000000,105,100,1.000000,4.000000,5.000000,OfdmRate6MbpsBW10MHz,4.467000,5.956000,590,23600,11532,12068,0.488644,0.511356,4.956000,37.219193,47.642193
12345,4,600,4,604,3000.000000,4,4.000000,300.000000,20.000000,105,100,1.000000,4.000000,5.000000,OfdmRate6MbpsBW10MHz,4.467000,5.956000,600,24000,11546,12454,0.481083,0.518917,5.040000,36.740314,47.163314
12345,4,610,4,614,3000.000000,4,4.000000,300.000000,20.000000,105,100,1.000000,4.000000,5.000000,OfdmRate6MbpsBW10MHz,4.467000,5.956000,610,24400,11410,12990,0.467623,0.532377,5.124000,38.075471,48.498471
12345,4,620,4,624,3000.000000,4,4.000000,300.000000,20.000000,105,100,1.000000,4.000000,5.000000,OfdmRate6MbpsBW10MHz,4.467000,5.956000,620,24800,11515,13285,0.464315,0.535685,5.208000,37.008766,47.431766
12345,4,630,4,634,3000.000000,4,4.000000,300.000000,20.000000,105,100,1.000000,4.000000,5.000000,OfdmRate6MbpsBW10MHz,4.467000,5.956000,630,25200,11692,13508,0.463968,0.536032,5.292000,36.466896,46.889896
12345,4,640,4,644,3000.000000,4,4.000000,300.000000,20.000000,105,100,1.000000,4.000000,5.000000,OfdmRate6MbpsBW10MHz,4.467000,5.956000,640,25600,11250,14350,0.439453,0.560547,5.376000,46.655238,57.078238
12345,4,650,4,654,3000.000000,4,4.000000,300.000000,20.000000,105,100,1.000000,4.000000,5.000000,OfdmRate6MbpsBW10MHz,4.467000,5.956000,650,26000,11679,14321,0.449192,0.550808,5.460000,38.421776,48.844776
12345,4,660,4,664,3000.000000,4,4.000000,300.000000,20.000000,105,100,1.000000,4.000000,5.000000,OfdmRate6MbpsBW10MHz,4.467000,5.956000,660,26400,11116,15284,0.421061,0.578939,5.544000,48.244747,58.667747
12345,4,670,4,674,3000.000000,4,4.000000,300.000000,20.000000,105,100,1.000000,4.000000,5.000000,OfdmRate6MbpsBW10MHz,4.467000,5.956000,670,26800,12038,14762,0.449179,0.550821,5.628000,39.678516,50.101516
12345,4,680,4,684,3000.000000,4,4.000000,300.000000,20.000000,105,100,1.000000,4.000000,5.000000,OfdmRate6MbpsBW10MHz,4.467000,5.956000,680,27200,11419,15781,0.419816,0.580184,5.712000,46.522910,56.945910
12345,4,690,4,694,3000.000000,4,4.000000,300.000000,20.000000,105,100,1.000000,4.000000,5.000000,OfdmRate6MbpsBW10MHz,4.467000,5.956000,690,27600,12026,15574,0.435725,0.564275,5.796000,39.578606,50.001606
12345,4,700,4,704,3000.000000,4,4.000000,300.000000,20.000000,105,100,1.000000,4.000000,5.000000,OfdmRate6MbpsBW10MHz,4.467000,5.956000,700,28000,12358,15642,0.441357,0.558643,5.880000,33.018979,43.441979
12345,4,710,4,714,3000.000000,4,4.000000,300.000000,20.000000,105,100,1.000000,4.000000,5.000000,OfdmRate6MbpsBW10MHz,4.467000,5.956000,710,28400,11941,16459,0.420458,0.579542,5.964000,46.043923,56.466923
12345,4,720,4,724,3000.000000,4,4.000000,300.000000,20.000000,105,100,1.000000,4.000000,5.000000,OfdmRate6MbpsBW10MHz,4.467000,5.956000,720,28800,12041,16759,0.418090,0.581910,6.048000,42.746644,53.169644
12345,4,730,4,734,3000.000000,4,4.000000,300.000000,20.000000,105,100,1.000000,4.000000,5.000000,OfdmRate6MbpsBW10MHz,4.467000,5.956000,730,29200,11838,17362,0.405411,0.594589,6.132000,53.096011,63.519011
12345,4,740,4,744,3000.000000,4,4.000000,300.000000,20.000000,105,100,1.000000,4.000000,5.000000,OfdmRate6MbpsBW10MHz,4.467000,5.956000,740,29600,12232,17368,0.413243,0.586757,6.216000,51.817001,62.240001
12345,4,750,4,754,3000.000000,4,4.000000,300.000000,20.000000,105,100,1.000000,4.000000,5.000000,OfdmRate6MbpsBW10MHz,4.467000,5.956000,750,30000,11767,18233,0.392233,0.607767,6.300000,59.902414,70.325414
12345,4,760,4,764,3000.000000,4,4.000000,300.000000,20.000000,105,100,1.000000,4.000000,5.000000,OfdmRate6MbpsBW10MHz,4.467000,5.956000,760,30400,12436,17964,0.409079,0.590921,6.384000,49.579669,60.002669
12345,5,10,4,14,3000.000000,4,4.000000,300.000000,20.000000,105,100,1.000000,4.000000,5.000000,OfdmRate6MbpsBW10MHz,4.467000,5.956000,10,400,238,162,0.595000,0.405000,0.084000,24.371794,34.794794
12345,5,20,4,24,3000.000000,4,4.000000,300.000000,20.000000,105,100,1.000000,4.000000,5.000000,OfdmRate6MbpsBW10MHz,4.467000,5.956000,20,800,486,314,0.607500,0.392500,0.168000,23.903608,34.326608
12345,5,30,4,34,3000.000000,4,4.000000,300.000000,20.000000,105,100,1.000000,4.000000,5.000000,OfdmRate6MbpsBW10MHz,4.467000,5.956000,30,1200,713,487,0.594167,0.405833,0.252000,28.647696,39.070696
12345,5,40,4,44,3000.000000,4,4.000000,300.000000,20.000000,105,100,1.000000,4.000000,5.000000,OfdmRate6MbpsBW10MHz,4.467000,5.956000,40,1600,953,647,0.595625,0.404375,0.336000,15.271355,25.694355
12345,5,50,4,54,3000.000000,4,4.000000,300.000000,20.000000,105,100,1.000000,4.000000,5.000000,OfdmRate6MbpsBW10MHz,4.467000,5.956000,50,2000,1198,802,0.599000,0.401000,0.420000,14.745627,25.168627
12345,5,60,4,64,3000.000000,4,4.000000,300.000000,20.000000,105,100,1.000000,4.000000,5.000000,OfdmRate6MbpsBW10MHz,4.467000,5.956000,60,2400,1416,984,0.590000,0.410000,0.504000,14.275926,24.698926
12345,5,70,4,74,3000.000000,4,4.000000,300.000000,20.000000,105,100,1.000000,4.000000,5.000000,OfdmRate6MbpsBW10MHz,4.467000,5.956000,70,2800,1644,1156,0.587143,0.412857,0.588000,17.730596,28.153596
12345,5,80,4,84,3000.000000,4,4.000000,300.000000,20.000000,105,100,1.000000,4.000000,5.000000,OfdmRate6MbpsBW10MHz,4.467000,5.956000,80,3200,1809,1391,0.565312,0.434688,0.672000,16.238453,26.661453
12345,5,90,4,94,3000.000000,4,4.000000,300.000000,20.000000,105,100,1.000000,4.000000,5.000000,OfdmRate6MbpsBW10MHz,4.467000,5.956000,90,3600,2125,1475,0.590278,0.409722,0.756000,11.325220,21.748220
12345,5,100,4,104,3000.000000,4,4.000000,300.000000,20.000000,105,100,1.000000,4.000000,5.000000,OfdmRate6MbpsBW10MHz,4.467000,5.956000,100,4000,2344,1656,0.586000,0.414000,0.840000,21.992197,32.415197
12345,5,110,4,114,3000.000000,4,4.000000,300.000000,20.000000,105,100,1.000000,4.000000,5.000000,OfdmRate6MbpsBW10MHz,4.467000,5.956000,110,4400,2578,1822,0.585909,0.414091,0.924000,18.989748,29.412748
12345,5,120,4,124,3000.000000,4,4.000000,300.000000,20.000000,105,100,1.000000,4.000000,5.000000,OfdmRate6MbpsBW10MHz,4.467000,5.956000,120,4800,2804,1996,0.584167,0.415833,1.008000,15.788364,26.211364
12345,5,130,4,134,3000.000000,4,4.000000,300.000000,20.000000,105,100,1.000000,4.000000,5.000000,OfdmRate6MbpsBW10MHz,4.467000,5.956000,130,5200,3051,2149,0.586731,0.413269,1.092000,15.269636,25.692636
12345,5,140,4,144,3000.000000,4,4.000000,300.000000,20.000000,105,100,1.000000,4.000000,5.000000,OfdmRate6MbpsBW10MHz,4.467000,5.956000,140,5600,3281,2319,0.585893,0.414107,1.176000,14.188021,24.611021
12345,5,150,4,154,3000.000000,4,4.000000,300.000000,20.000000,105,100,1.000000,4.000000,5.000000,OfdmRate6MbpsBW10MHz,4.467000,5.956000,150,6000,3507,2493,0.584500,0.415500,1.260000,12.377020,22.800020
12345,5,160,4,164,3000.000000,4,4.000000,300.000000,20.000000,105,100,1.000000,4.000000,5.000000,OfdmRate6MbpsBW10MHz,4.467000,5.956000,160,6400,3705,2695,0.578906,0.421094,1.344000,19.522574,29.945574
12345,5,170,4,174,3000.000000,4,4.000000,300.000000,20.000000,105,100,1.000000,4.000000,5.000000,OfdmRate6MbpsBW10MHz,4.467000,5.956000,170,6800,4024,2776,0.591765,0.408235,1.428000,14.667224,25.090224
12345,5,180,4,184,3000.000000,4,4.000000,300.000000,20.000000,105,100,1.000000,4.000000,5.000000,OfdmRate6MbpsBW10MHz,4.467000,5.956000,180,7200,4206,2994,0.584167,0.415833,1.512000,17.007718,27.430718
12345,5,190,4,194,3000.000000,4,4.000000,300.000000,20.000000,105,100,1.000000,4.000000,5.000000,OfdmRate6MbpsBW10MHz,4.467000,5.956000,190,7600,4478,3122,0.589211,0.410789,1.596000,15.032021,25.455021
12345,5,200,4,204,3000.000000,4,4.000000,300.000000,20.000000,105,100,1.000000,4.000000,5.000000,OfdmRate6MbpsBW10MHz,4.467000,5.956000,200,8000,4706,3294,0.588250,0.411750,1.680000,18.653445,29.076445
12345,5,210,4,214,3000.000000,4,4.000000,300.000000,20.000000,105,100,1.000000,4.000000,5.000000,OfdmRate6MbpsBW10MHz,4.467000,5.956000,210,8400,4851,3549,0.577500,0.422500,1.764000,20.901817,31.324817
12345,5,220,4,224,3000.000000,4,4.000000,300.000000,20.000000,105,100,1.000000,4.000000,5.000000,OfdmRate6MbpsBW10MHz,4.467000,5.956000,220,8800,5085,3715,0.577841,0.422159,1.848000,16.821177,27.244177
12345,5,230,4,234,3000.000000,4,4.000000,300.000000,20.000000,105,100,1.000000,4.000000,5.000000,OfdmRate6MbpsBW10MHz,4.467000,5.956000,230,9200,5217,3983,0.567065,0.432935,1.932000,19.954478,30.377478
12345,5,240,4,244,3000.000000,4,4.000000,300.000000,20.000000,105,100,1.000000,4.000000,5.000000,OfdmRate6MbpsBW10MHz,4.467000,5.956000,240,9600,5445,4155,0.567187,0.432812,2.016000,25.105698,35.528698
12345,5,250,4,254,3000.000000,4,4.000000,300.000000,20.000000,105,100,1.000000,4.000000,5.000000,OfdmRate6MbpsBW10MHz,4.467000,5.956000,250,10000,5735,4265,0.573500,0.426500,2.100000,18.786301,29.209301
12345,5,260,4,264,3000.000000,4,4.000000,300.000000,20.000000,105,100,1.000000,4.000000,5.000000,OfdmRate6MbpsBW10MHz,4.467000,5.956000,260,10400,5858,4542,0.563269,0.436731,2.184000,25.149135,35.572135
12345,5,270,4,274,3000.000000,4,4.000000,300.000000,20.000000,105,100,1.000000,4.000000,5.000000,OfdmRate6MbpsBW10MHz,4.467000,5.956000,270,10800,6094,4706,0.564259,0.435741,2.268000,19.881902,30.304902
12345,5,280,4,284,3000.000000,4,4.000000,300.000000,20.000000,105,100,1.000000,4.000000,5.000000,OfdmRate6MbpsBW10MHz,4.467000,5.956000,280,11200,6389,4811,0.570446,0.429554,2.352000,24.914176,35.337176
12345,5,290,4,294,3000.000000,4,4.000000,300.000000,20.000000,105,100,1.000000,4.000000,5.000000,OfdmRate6MbpsBW10MHz,4.467000,5.956000,290,11600,6549,5051,0.564569,0.435431,2.436000,23.580259,34.003259
12345,5,300,4,304,3000.000000,4,4.000000,300.000000,20.000000,105,100,1.000000,4.000000,5.000000,OfdmRate6MbpsBW10MHz,4.467000,5.956000,300,12000,6817,5183,0.568083,0.431917,2.520000,20.721580,31.144580
12345,5,310,4,314,3000.000000,4,4.000000,300.000000,20.000000,105,100,1.000000,4.000000,5.000000,OfdmRate6MbpsBW10MHz,4.467000,5.956000,310,12400,6927,5473,0.558629,0.441371,2.604000,26.798733,37.221733
12345,5,320,4,324,3000.000000,4,4.000000,300.000000,20.000000,105,100,1.000000,4.000000,5.000000,OfdmRate6MbpsBW10MHz,4.467000,5.956000,320,12800,7165,5635,0.559766,0.440234,2.688000,26.275507,36.698507
12345,5,330,4,334,3000.000000,4,4.000000,300.000000,20.000000,105,100,1.000000,4.000000,5.000000,OfdmRate6MbpsBW10MHz,4.467000,5.956000,330,13200,7306,5894,0.553485,0.446515,2.772000,26.413572,36.836572
12345,5,340,4,344,3000.000000,4,4.000000,300.000000,20.000000,105,100,1.000000,4.000000,5.000000,OfdmRate6MbpsBW10MHz,4.467000,5.956000,340,13600,7604,5996,0.559118,0.440882,2.856000,28.142865,38.565865
12345,5,350,4,354,3000.000000,4,4.000000,300.000000,20.000000,105,100,1.000000,4.000000,5.000000,OfdmRate6MbpsBW10MHz,4.467000,5.956000,350,14000,7963,6037,0.568786,0.431214,2.940000,27.507232,37.930232
12345,5,360,4,364,3000.000000,4,4.000000,300.000000,20.000000,105,100,1.000000,4.000000,5.000000,OfdmRate6MbpsBW10MHz,4.467000,5.956000,360,14400,8021,6379,0.557014,0.442986,3.024000,28.068183,38.491183
12345,5,370,4,374,3000.000000,4,4.000000,300.000000,20.000000,105,100,1.000000,4.000000,5.000000,OfdmRate6MbpsBW10MHz,4.467000,5.956000,370,14800,7963,6837,0.538041,0.461959,3.108000,36.734726,47.157726
12345,5,380,4,384,3000.000000,4,4.000000,300.000000,20.000000,105,100,1.000000,4.000000,5.000000,OfdmRate6MbpsBW10MHz,4.467000,5.956000,380,15200,8400,6800,0.552632,0.447368,3.192000,31.569340,41.992340
12345,5,390,4,394,3000.000000,4,4.000000,300.000000,20.000000,105,100,1.000000,4.000000,5.000000,OfdmRate6MbpsBW10MHz,4.467000,5.956000,390,15600,8592,7008,0.550769,0.449231,3.276000,28.956742,39.379742
12345,5,400,4,404,3000.000000,4,4.000000,300.000000,20.000000,105,100,1.000000,4.000000,5.000000,OfdmRate6MbpsBW10MHz,4.467000,5.956000,400,16000,8678,7322,0.542375,0.457625,3.360000,28.708406,39.131406
12345,5,410,4,414,3000.000000,4,4.000000,300.000000,20.000000,105,100,1.000000,4.000000,5.000000,OfdmRate6MbpsBW10MHz,4.467000,5.956000,410,16400,8944,7456,0.545366,0.454634,3.444000,30.603536,41.026536
12345,5,420,4,424,3000.000000,4,4.000000,300.000000,20.000000,105,100,1.000000,4.000000,5.000000,OfdmRate6MbpsBW10MHz,4.467000,5.956000,420,16800,8993,7807,0.535298,0.464702,3.528000,32.110103,42.533103
12345,5,430,4,434,3000.000000,4,4.000000,300.000000,20.000000,105,100,1.000000,4.000000,5.000000,OfdmRate6MbpsBW10MHz,4.467000,5.956000,430,17200,9064,8136,0.526977,0.473023,3.612000,39.755985,50.178985
12345,5,440,4,444,3000.000000,4,4.000000,300.000000,20.000000,105,100,1.000000,4.000000,5.000000,OfdmRate6MbpsBW10MHz,4.467000,5.956000,440,17600,9282,8318,0.527386,0.472614,3.696000,36.826631,47.249631
12345,5,450,4,454,3000.000000,4,4.000000,300.000000,20.000000,105,100,1.000000,4.000000,5.000000,OfdmRate6MbpsBW10MHz,4.467000,5.956000,450,18000,9325,8675,0.518056,0.481944,3.780000,40.681892,51.104892
12345,5,460,4,464,3000.000000,4,4.000000,300.000000,20.000000,105,100,1.000000,4.000000,5.000000,OfdmRate6MbpsBW10MHz,4.467000,5.956000,460,18400,9842,8558,0.534891,0.465109,3.864000,32.098799,42.521799
12345,5,470,4,474,3000.000000,4,4.000000,300.000000,20.000000,105,100,1.000000,4.000000,5.000000,OfdmRate6MbpsBW10MHz,4.467000,5.956000,470,18800,9810,8990,0.521809,0.478191,3.948000,30.412563,40.835563
12345,5,480,4,484,3000.000000,4,4.000000,300.000000,20.000000,105,100,1.000000,4.000000,5.000000,OfdmRate6MbpsBW10MHz,4.467000,5.956000,480,19200,10082,9118,0.525104,0.474896,4.032000,37.143243,47.566243
12345,5,490,4,494,3000.000000,4,4.000000,300.000000,20.000000,105,100,1.000000,4.000000,5.000000,OfdmRate6MbpsBW10MHz,4.467000,5.956000,490,19600,10003,9597,0.510357,0.489643,4.116000,38.402017,48.825017
12345,5,500,4,504,3000.000000,4,4.000000,300.000000,20.000000,105,100,1.000000,4.000000,5.000000,OfdmRate6MbpsBW10MHz,4.467000,5.956000,500,20000,10184,9816,0.509200,0.490800,4.200000,35.195291,45.618291
12345,5,510,4,514,3000.000000,4,4.000000,300.000000,20.000000,105,100,1.000000,4.000000,5.000000,OfdmRate6MbpsBW10MHz,4.467000,5.956000,510,20400,10392,10008,0.509412,0.490588,4.284000,35.173525,45.596525
12345,5,520,4,524,3000.000000,4,4.000000,300.000000,20.000000,105,100,1.000000,4.000000,5.000000,OfdmRate6MbpsBW10MHz,4.467000,5.956000,520,20800,10395,10405,0.499760,0.500240,4.368000,37.623571,48.046571
12345,5,530,4,534,3000.000000,4,4.000000,300.000000,20.000000,105,100,1.000000,4.000000,5.000000,OfdmRate6MbpsBW10MHz,4.467000,5.956000,530,21200,10415,10785,0.491274,0.508726,4.452000,36.236423,46.659423
12345,5,540,4,544,3000.000000,4,4.000000,300.000000,20.000000,105,100,1.000000,4.000000,5.000000,OfdmRate6MbpsBW10MHz,4.467000,5.956000,540,21600,10736,10864,0.497037,0.502963,4.536000,36.560424,46.983424
12345,5,550,4,554,3000.000000,4,4.000000,300.000000,20.000000,105,100,1.000000,4.000000,5.000000,OfdmRate6MbpsBW10MHz,4.467000,5.956000,550,22000,10926,11074,0.496636,0.503364,4.620000,36.163160,46.586160
12345,5,560,4,564,3000.000000,4,4.000000,300.000000,20.000000,105,100,1.000000,4.000000,5.000000,OfdmRate6MbpsBW10MHz,4.467000,5.956000,560,22400,10968,11432,0.489643,0.510357,4.704000,34.873404,45.296404
12345,5,570,4,574,3000.000000,4,4.000000,300.000000,20.000000,105,100,1.000000,4.000000,5.000000,OfdmRate6MbpsBW10MHz,4.467000,5.956000,570,22800,11101,11699,0.486886,0.513114,4.788000,34.479579,44.902579
12345,5,580,4,584,3000.000000,4,4.000000,300.000000,20.000000,105,100,1.000000,4.000000,5.000000,OfdmRate6MbpsBW10MHz,4.467000,5.956000,580,23200,10965,12235,0.472629,0.527371,4.872000,37.459866,47.882866
12345,5,590,4,594,3000.000000,4,4.000000,300.000000,20.000000,105,100,1.000000,4.000000,5.000000,OfdmRate6MbpsBW10MHz,4.467000,5.956000,590,23600,11279,12321,0.477924,0.522076,4.956000,37.393732,47.816732
12345,5,600,4,604,3000.000000,4,4.000000,300.000000,20.000000,105,100,1.000000,4.000000,5.000000,OfdmRate6MbpsBW10MHz,4.467000,5.956000,600,24000,11469,12531,0.477875,0.522125,5.040000,36.494853,46.917853
12345,5,610,4,614,3000.000000,4,4.000000,300.000000,20.000000,105,100,1.000000,4.000000,5.000000,OfdmRate6MbpsBW10MHz,4.467000,5.956000,610,24400,11435,12965,0.468648,0.531352,5.124000,34.869067,45.292067
12345,5,620,4,624,3000.000000,4,4.000000,300.000000,20.000000,105,100,1.000000,4.000000,5.000000,OfdmRate6MbpsBW10MHz,4.467000,5.956000,620,24800,11601,13199,0.467782,0.532218,5.208000,37.267892,47.690892
12345,5,630,4,634,3000.000000,4,4.000000,300.000000,20.000000,105,100,1.000000,4.000000,5.000000,OfdmRate6MbpsBW10MHz,4.467000,5.956000,630,25200,11523,13677,0.457262,0.542738,5.292000,38.328919,48.751919
12345,5,640,4,644,3000.000000,4,4.000000,300.000000,20.000000,105,100,1.000000,4.000000,5.000000,OfdmRate6MbpsBW10MHz,4.467000,5.956000,640,25600,11706,13894,0.457266,0.542734,5.376000,36.377466,46.800466
12345,5,650,4,654,3000.000000,4,4.000000,300.000000,20.000000,105,100,1.000000,4.000000,5.000000,OfdmRate6MbpsBW10MHz,4.467000,5.956000,650,26000,11610,14390,0.446538,0.553462,5.460000,38.348771,48.771771
12345,5,660,4,664,3000.000000,4,4.000000,300.000000,20.000000,105,100,1.000000,4.000000,5.000000,OfdmRate6MbpsBW10MHz,4.467000,5.956000,660,26400,11852,14548,0.448939,0.551061,5.544000,41.896780,52.319780
12345,5,670,4,674,3000.000000,4,4.000000,300.000000,20.000000,105,100,1.000000,4.000000,5.000000,OfdmRate6MbpsBW10MHz,4.467000,5.956000,670,26800,11779,15021,0.439515,0.560485,5.628000,45.194828,55.617828
12345,5,680,4,684,3000.000000,4,4.000000,300.000000,20.000000,105,100,1.000000,4.000000,5.000000,OfdmRate6MbpsBW10MHz,4.467000,5.956000,680,27200,12276,14924,0.451324,0.548676,5.712000,38.546790,48.969790
12345,5,690,4,694,3000.000000,4,4.000000,300.000000,20.000000,105,100,1.000000,4.000000,5.000000,OfdmRate6MbpsBW10MHz,4.467000,5.956000,690,27600,11905,15695,0.431341,0.568659,5.796000,46.659469,57.082469
12345,5,700,4,704,3000.000000,4,4.000000,300.000000,20.000000,105,100,1.000000,4.000000,5.000000,OfdmRate6MbpsBW10MHz,4.467000,5.956000,700,28000,11690,16310,0.417500,0.582500,5.880000,51.747421,62.170421
12345,5,710,4,714,3000.000000,4,4.000000,300.000000,20.000000,105,100,1.000000,4.000000,5.000000,OfdmRate6MbpsBW10MHz,4.467000,5.956000,710,28400,12082,16318,0.425423,0.574577,5.964000,48.644634,59.067634
12345,5,720,4,724,3000.000000,4,4.000000,300.000000,20.000000,105,100,1.000000,4.000000,5.000000,OfdmRate6MbpsBW10MHz,4.467000,5.956000,720,28800,11433,17367,0.396979,0.603021,6.048000,54.525911,64.948911
12345,5,730,4,734,3000.000000,4,4.000000,300.000000,20.000000,105,100,1.000000,4.000000,5.000000,OfdmRate6MbpsBW10MHz,4.467000,5.956000,730,29200,11836,17364,0.405342,0.594658,6.132000,54.289416,64.712416
12345,5,740,4,744,3000.000000,4,4.000000,300.000000,20.000000,105,100,1.000000,4.000000,5.000000,OfdmRate6MbpsBW10MHz,4.467000,5.956000,740,29600,11715,17885,0.395777,0.604223,6.216000,63.243939,73.666939
12345,5,750,4,754,3000.000000,4,4.000000,300.000000,20.000000,105,100,1.000000,4.000000,5.000000,OfdmRate6MbpsBW10MHz,4.467000,5.956000,750,30000,11661,18339,0.388700,0.611300,6.300000,58.702782,69.125782
12345,5,760,4,764,3000.000000,4,4.000000,300.000000,20.000000,105,100,1.000000,4.000000,5.000000,OfdmRate6MbpsBW10MHz,4.467000,5.956000,760,30400,12529,17871,0.412138,0.587862,6.384000,48.200409,58.623409
12345,1,890,4,894,3000.000000,4,4.000000,300.000000,20.000000,105,100,1.000000,4.000000,5.000000,OfdmRate6MbpsBW10MHz,4.467000,5.956000,890,35600,12732,22868,0.357640,0.642360,7.476000,76.155599,86.578599
12345,1,900,4,904,3000.000000,4,4.000000,300.000000,20.000000,105,100,1.000000,4.000000,5.000000,OfdmRate6MbpsBW10MHz,4.467000,5.956000,900,36000,13088,22912,0.363556,0.636444,7.560000,70.111672,80.534672
12345,1,900,4,904,3000.000000,4,4.000000,300.000000,20.000000,105,100,1.000000,4.000000,5.000000,OfdmRate6MbpsBW10MHz,4.467000,5.956000,900,36000,13088,22912,0.363556,0.636444,7.560000,70.111672,80.534672
12345,1,910,4,914,3000.000000,4,4.000000,300.000000,20.000000,105,100,1.000000,4.000000,5.000000,OfdmRate6MbpsBW10MHz,4.467000,5.956000,910,36400,13164,23236,0.361648,0.638352,7.644000,72.826626,83.249626
12345,1,910,4,914,3000.000000,4,4.000000,300.000000,20.000000,105,100,1.000000,4.000000,5.000000,OfdmRate6MbpsBW10MHz,4.467000,5.956000,910,36400,13164,23236,0.361648,0.638352,7.644000,72.826626,83.249626
12345,1,920,4,924,3000.000000,4,4.000000,300.000000,20.000000,105,100,1.000000,4.000000,5.000000,OfdmRate6MbpsBW10MHz,4.467000,5.956000,920,36800,13533,23267,0.367745,0.632255,7.728000,61.379392,71.802392
12345,1,920,4,924,3000.000000,4,4.000000,300.000000,20.000000,105,100,1.000000,4.000000,5.000000,OfdmRate6MbpsBW10MHz,4.467000,5.956000,920,36800,13533,23267,0.367745,0.632255,7.728000,61.379392,71.802392
12345,1,930,4,934,3000.000000,4,4.000000,300.000000,20.000000,105,100,1.000000,4.000000,5.000000,OfdmRate6MbpsBW10MHz,4.467000,5.956000,930,37200,12642,24558,0.339839,0.660161,7.812000,84.039109,94.462109
12345,1,930,4,934,3000.000000,4,4.000000,300.000000,20.000000,105,100,1.000000,4.000000,5.000000,OfdmRate6MbpsBW10MHz,4.467000,5.956000,930,37200,12642,24558,0.339839,0.660161,7.812000,84.039109,94.462109
12345,1,940,4,944,3000.000000,4,4.000000,300.000000,20.000000,105,100,1.000000,4.000000,5.000000,OfdmRate6MbpsBW10MHz,4.467000,5.956000,940,37600,13309,24291,0.353963,0.646037,7.896000,81.436381,91.859381
12345,1,940,4,944,3000.000000,4,4.000000,300.000000,20.000000,105,100,1.000000,4.000000,5.000000,OfdmRate6MbpsBW10MHz,4.467000,5.956000,940,37600,13309,24291,0.353963,0.646037,7.896000,81.436381,91.859381
12345,1,950,4,954,3000.000000,4,4.000000,300.000000,20.000000,105,100,1.000000,4.000000,5.000000,OfdmRate6MbpsBW10MHz,4.467000,5.956000,950,38000,12877,25123,0.338868,0.661132,7.980000,83.636024,94.059024
12345,1,950,4,954,3000.000000,4,4.000000,300.000000,20.000000,105,100,1.000000,4.000000,5.000000,OfdmRate6MbpsBW10MHz,4.467000,5.956000,950,38000,12877,25123,0.338868,0.661132,7.980000,83.636024,94.059024
